movieCd,movieNm,openDt,nations,directors,actors,companys,audits,w1,w2,w3,w4,tot,hCnt,애니메이션,멜로/로맨스,액션,가족,뮤지컬,범죄,미스터리,전쟁,다큐멘터리,어드벤처,공연,코미디,드라마,서부극(웨스턴),스릴러,판타지,SF,공포(호러),사극
20157042,셜록: 유령신부,20160102,1,1278885,592948,3,2,1086912,1251033,1275444,1278172,1278894,0,0,0,0,0,0,1,0,0,0,0,0,0,1,0,0,0,0,0,0
20155422,굿 다이노,20160107,2,1330181,997635,1,1,736477,1103163,1294868,1325983,1330183,0,1,0,0,0,0,0,0,0,0,1,0,1,0,0,0,0,0,0,0
20142641,나를 잊지 말아요,20160107,3,427107,1181598,3,3,391766,423624,425020,427057,427197,0,0,1,0,0,0,0,0,0,0,0,0,0,0,0,0,0,0,0,0
20158882,유스,20160107,1,35836,17616,1,3,32158,52365,65062,74440,87204,0,0,0,0,0,0,0,0,0,0,0,0,0,1,0,0,0,0,0,0
20159510,헤이트풀8,20160107,2,137580,48565,1,4,92834,111986,116484,117396,122266,0,0,0,1,0,0,0,0,0,0,0,0,0,0,1,1,0,0,0,0
20154001,레버넌트: 죽음에서 돌아온 자,20160114,2,502199,1149851,3,3,1120352,1700327,1923884,1983152,2007665,4,0,0,0,0,0,0,0,0,0,1,0,0,1,0,0,0,0,0,0
20157158,구스범스,20160114,2,784026,99447,3,2,245631,302200,304967,305074,305134,4,0,0,1,0,0,0,0,0,0,1,0,1,0,0,0,0,0,0,0
20068576,그날의 분위기,20160114,3,221536,1171496,2,3,495339,627470,651028,652249,653287,4,0,1,0,0,0,0,0,0,0,0,0,0,0,0,0,0,0,0,0
20158483,오빠생각,20160121,3,2073523,472920,3,2,731110,958811,1041051,1067171,1069864,4,0,0,0,0,0,0,0,1,0,0,0,0,1,0,0,0,0,0,0
20150566,극장판 꼬마버스 타요의 에이스 구출작전,20160121,3,135478,26252,1,1,82893,115378,127253,130222,135478,4,1,0,0,0,0,0,0,0,0,0,0,0,0,0,0,0,0,0,0
20159199,빅쇼트,20160121,2,291851,206928,3,4,265982,382991,422748,442538,447220,4,0,0,0,0,0,0,0,0,0,0,0,0,1,0,0,0,0,0,0
20150461,스티브 잡스,20160121,2,242408,102615,3,2,57536,65315,67008,68017,68815,4,0,0,0,0,0,0,0,0,0,0,0,0,1,0,0,0,0,0,0
20157466,"로봇, 소리",20160127,3,996875,295810,3,2,342118,444172,472670,476207,476665,4,0,0,0,0,0,0,0,0,0,0,0,0,1,0,0,0,0,0,0
20151803,쿵푸팬더3,20160128,2,3258606,516094,3,1,1925530,3326750,3800631,3941321,3984814,4,1,0,1,0,0,0,0,0,0,1,0,0,0,0,0,0,0,0,0
20145507,검사외전,20160203,3,9707581,2446728,2,3,6405797,8499038,9239900,9595701,9707581,1,0,0,0,0,0,1,0,0,0,0,0,1,0,0,0,0,0,0,0
20159657,최강전사 미니특공대: 영웅의 탄생,20160204,3,89699,0,1,1,87395,112474,115306,116082,117446,0,1,0,0,0,0,0,0,0,0,0,0,0,0,0,0,0,0,0,0
20150942,캐롤,20160204,2,86914,244430,2,4,145373,260555,290744,304147,335274,0,0,0,0,0,0,0,0,0,0,0,0,0,1,0,0,0,0,0,0
20159059,앨빈과 슈퍼밴드: 악동 어드벤처,20160204,2,292495,102661,3,1,205800,281369,291474,292442,292495,0,1,0,0,0,0,0,0,0,0,1,0,1,0,0,0,0,0,0,0
20150725,극장판 아이엠스타 : 꿈의 오디션!,20160211,1,141351,12597,3,1,114062,136686,140962,141177,141351,0,1,0,0,0,0,0,0,0,0,0,0,0,0,0,0,0,0,0,0
20150903,번개맨,20160211,3,861454,374864,2,1,59510,65624,68048,68958,69363,0,0,0,0,1,0,0,0,0,0,0,0,0,0,0,0,1,0,0,0
20155501,주토피아,20160217,2,1606954,827569,1,1,647314,1574413,1975196,2426840,4706158,0,1,0,1,0,0,0,0,0,0,1,0,0,0,0,0,0,0,0,0
20150977,좋아해줘,20160217,3,516006,141228,3,2,622398,813712,843534,846603,848148,0,0,1,0,0,0,0,0,0,0,0,0,1,0,0,0,0,0,0,0
20153781,데드풀,20160217,2,1207709,321919,3,4,2108639,2928909,3181960,3271447,3320491,0,0,0,1,0,0,0,0,0,0,0,0,0,0,0,0,0,1,0,0
20158482,동주,20160217,3,2591738,1002282,3,2,387085,794952,966852,1060964,1176468,0,0,0,0,0,0,0,0,0,0,0,0,0,1,0,0,0,0,0,0
20155020,대니쉬 걸,20160217,2,1906960,258064,3,4,77162,106122,119972,126552,134079,0,0,0,0,0,0,0,0,0,0,0,0,0,1,0,0,0,0,0,0
20151111,빌리와 용감한 녀석들: 치킨 히어로,20160217,2,26952,7144,1,1,27695,34256,35362,35491,35937,0,1,0,0,0,0,0,0,0,0,0,0,0,0,0,0,0,0,0,0
20150565,스포트라이트,20160224,2,89468,666061,2,3,162007,246289,276520,291406,301714,0,0,0,0,0,0,0,0,0,0,0,0,0,1,0,1,0,0,0,0
20161364,귀향,20160224,3,23866,96743,1,3,1907746,2805003,3243634,3476468,3587252,0,0,0,0,0,0,0,0,0,0,0,0,0,1,0,0,0,0,0,0
20151021,순정,20160224,3,126690,104797,1,2,227381,236938,238689,240484,240704,0,0,0,0,0,0,0,0,0,0,0,0,0,1,0,0,0,0,0,0
20161382,레터스 투 갓,20160225,2,66397,31968,1,1,24589,33753,42289,46434,66397,0,0,0,0,1,0,0,0,0,0,0,0,0,1,0,0,0,0,0,0
20145502,남과 여,20160225,3,170494,1568284,2,4,182382,199253,202551,203668,203775,0,0,1,0,0,0,0,0,0,0,0,0,0,0,0,0,0,0,0,0
20156063,룸,20160303,1,70478,133890,1,3,70736,79167,83156,85023,87768,0,0,0,0,0,0,0,0,0,0,0,0,0,1,0,0,0,0,0,0
20159162,갓 오브 이집트,20160303,2,655679,284776,1,2,628970,831714,915842,919666,919882,0,0,0,0,0,0,0,0,0,0,1,0,0,0,0,0,1,0,0,0
20145396,널 기다리며,20160310,3,635235,495493,3,4,414657,599741,630907,634928,635235,0,0,0,0,0,0,0,0,0,0,0,0,0,0,0,1,0,0,0,0
20151884,런던 해즈 폴른,20160310,2,366331,277887,3,3,418095,670485,722427,730911,731683,0,0,0,1,0,0,1,0,0,0,0,0,0,0,0,1,0,0,0,0
20158529,조이,20160310,2,120814,182247,3,2,139857,167943,169927,170801,172253,0,0,0,0,0,0,0,0,0,0,0,0,1,1,0,0,0,0,0,0
20162381,일사각오,20160317,3,58011,94825,1,2,27669,46917,57815,68108,94825,1,0,0,0,0,0,0,0,0,0,0,0,0,1,0,0,0,0,0,0
20161881,부활,20160317,2,54695,50116,3,2,55225,112835,145154,163434,176539,1,0,0,0,0,0,0,0,0,0,0,0,0,1,0,0,0,0,0,0
20161968,오 마이 그랜파,20160317,2,43006,137758,2,4,74971,77932,78917,79551,79701,1,0,0,0,0,0,0,0,0,0,0,0,1,0,0,0,0,0,0,0
20152781,배트맨 대 슈퍼맨: 저스티스의 시작,20160324,2,1118671,617939,3,2,1646940,2072753,2216810,2247073,2256913,1,0,0,1,0,0,0,0,0,0,1,0,0,0,0,0,1,0,0,0
20159643,글로리데이,20160324,3,1753644,243218,1,3,141660,180101,186471,188895,189442,1,0,0,0,0,0,0,0,0,0,0,0,0,1,0,0,0,0,0,0
20161921,"헤일, 시저!",20160324,2,24029,127348,3,2,28796,32095,33396,33965,34331,1,0,0,0,0,0,0,0,0,0,0,0,1,1,0,0,0,0,0,0
20150902,대배우,20160330,3,169984,810002,1,2,156791,168065,169016,169226,169984,1,0,0,0,0,0,0,0,0,0,0,0,1,0,0,0,0,0,0,0
20152782,"날, 보러와요",20160407,3,222281,697272,3,4,615271,885441,1032928,1060633,1063442,1,0,0,0,0,0,0,1,0,0,0,0,0,0,0,1,0,0,0,0
20162065,클로버필드 10번지,20160407,2,357736,128887,3,3,301274,344697,356423,357264,357736,1,0,0,0,0,0,0,1,0,0,0,0,0,0,0,1,0,0,0,0
20161964,독수리 에디,20160407,2,90836,845365,3,2,190073,218510,225137,225849,226341,1,0,0,0,0,0,0,0,0,0,0,0,0,1,0,0,0,0,0,0
20161870,트럼보,20160407,2,73487,109798,1,3,45189,51168,56555,59501,61964,1,0,0,0,0,0,0,0,0,0,0,0,0,1,0,0,0,0,0,0
20145506,해어화,20160413,3,218463,592706,3,3,303873,436214,471621,480789,485695,2,0,0,0,0,0,0,0,0,0,0,0,0,1,0,0,0,0,0,1
20142621,시간이탈자,20160413,3,330499,1159309,3,3,663977,1026760,1166031,1201547,1202511,2,0,0,0,0,0,0,0,0,0,0,0,0,0,0,1,0,0,0,0
20158984,헌츠맨: 윈터스 워,20160413,2,445009,238041,3,2,346027,439610,441104,441383,445009,2,0,0,1,0,0,0,0,0,0,1,0,0,0,0,0,0,0,0,0
20162431,극장판 프랭키와 친구들: 생명의 나무,20160413,3,56860,26552,1,1,30907,42550,47856,48187,56860,2,1,0,0,0,0,0,0,0,0,0,0,0,0,0,0,0,0,0,0
20145182,4등,20160413,3,449428,70012,1,3,20972,28220,31069,33138,39544,2,0,0,0,0,0,0,0,0,0,0,0,0,1,0,0,0,0,0,0
20162206,브루클린,20160421,2,18228,288205,3,2,17609,31487,42002,47731,51106,3,0,1,0,0,0,0,0,0,0,0,0,0,1,0,0,0,0,0,0
20159641,위대한 소원,20160421,3,297725,55018,3,3,256048,300981,306575,307732,308398,3,0,0,0,0,0,0,0,0,0,0,0,1,1,0,0,0,0,0,0
20159364,캡틴 아메리카: 시빌 워,20160427,2,5670276,2867525,1,2,4871540,7648143,8355440,8604338,8678117,3,0,0,1,0,0,0,0,0,0,0,0,0,0,0,1,0,1,0,0
20161842,태양 아래,20160427,1,6878,0,1,1,13420,24298,26256,27688,33008,3,0,0,0,0,0,0,0,0,1,0,0,0,0,0,0,0,0,0,0
20142406,탐정 홍길동: 사라진 마을,20160504,3,2022105,1176385,3,3,949965,1287089,1407781,1427932,1430960,1,0,0,1,0,0,0,0,0,0,0,0,0,1,0,0,0,0,0,0
20162300,매직브러시,20160504,1,172396,15255,1,1,152842,168278,169639,171055,172396,1,1,0,0,0,0,0,0,0,0,0,0,0,0,0,0,0,0,0,0
20162542,다이노소어 어드벤처 : 백악기 공룡대백과,20160504,1,218872,0,1,1,93305,107660,109097,110991,112242,1,0,0,0,0,0,0,0,0,1,0,0,0,0,0,0,0,0,0,0
20162704,극장판 안녕 자두야,20160504,3,280656,201785,3,1,219975,265929,276202,279116,280656,1,1,0,0,0,0,0,0,0,0,0,0,0,0,0,0,0,0,0,0
20158888,45년 후,20160505,1,14043,11442,2,3,13379,19007,21405,22513,23994,1,0,1,0,0,0,0,0,0,0,0,0,0,1,0,0,0,0,0,0
20163137,나의 소녀시대,20160512,1,419273,106797,1,3,98459,238323,333669,385459,410538,1,0,1,0,0,0,0,0,0,0,0,0,0,1,0,0,0,0,0,0
20140194,곡성,20160512,3,3046852,744332,3,3,3212395,5056604,5927523,6546300,6879989,1,0,0,0,0,0,0,1,0,0,0,0,0,1,0,1,0,0,0,0
20156559,계춘할망,20160519,3,1652953,589228,1,3,302809,424137,470733,475989,482784,2,0,0,0,1,0,0,0,0,0,0,0,0,1,0,0,0,0,0,0
20163018,싱 스트리트,20160519,2,1436426,2774524,2,3,253974,404667,507264,534990,574853,2,0,1,0,0,0,0,0,0,0,0,0,0,1,0,0,0,0,0,0
20156207,앵그리버드 더 무비,20160519,2,141798,109920,3,1,286044,462415,633587,662562,680622,2,1,0,0,0,0,0,0,0,0,0,0,0,0,0,0,0,0,0,0
20163322,동급생,20160519,1,39297,18183,2,3,14340,23222,32746,36074,39461,2,1,0,0,0,0,0,0,0,0,0,0,0,1,0,0,0,0,0,0
20150523,엑스맨: 아포칼립스,20160525,2,2814240,182032,3,2,1907570,2779638,2916902,2935568,2938818,2,0,0,1,0,0,0,0,0,0,1,0,0,0,0,0,1,1,0,0
20162569,오베라는 남자,20160525,1,92896,44727,1,2,59349,75545,80531,82978,92896,2,0,0,0,0,0,0,0,0,0,0,0,0,1,0,0,0,0,0,0
20144444,아가씨,20160601,3,708515,1574328,3,4,2503831,3362254,3863932,4136359,4288908,1,0,0,0,0,0,0,0,0,0,0,0,0,1,0,1,0,0,0,0
20163215,미 비포 유,20160601,2,945172,422360,3,2,378026,559802,702593,815935,945172,1,0,1,0,0,0,0,0,0,0,0,0,0,1,0,0,0,0,0,0
20162925,더 보이,20160601,2,17085,8220,1,3,55912,56748,56837,56849,57269,1,0,0,0,0,0,0,0,0,0,0,0,0,0,0,1,0,0,1,0
20163201,바다 탐험대 옥토넛 시즌4: 아슬아슬 구조대작전,20160602,1,64858,23634,2,1,37613,50761,55857,57140,58619,1,1,0,0,0,0,0,0,0,0,1,0,0,0,0,0,0,0,0,0
20163841,플래그 더 문,20160602,1,125447,135418,2,1,40140,42848,43630,43704,44574,1,1,0,0,0,0,0,0,0,0,1,0,0,0,0,0,0,0,0,0
20158150,워크래프트: 전쟁의 서막,20160609,2,818440,77651,3,2,851214,1107106,1156881,1162826,1163274,0,0,0,1,0,0,0,0,0,0,1,0,0,0,0,0,1,0,0,0
20162941,컨저링 2,20160609,2,1442748,568799,3,3,827336,1439894,1727331,1862793,1928605,0,0,0,0,0,0,0,0,0,0,0,0,0,0,0,0,0,0,1,0
20162967,정글북,20160609,2,2065616,585362,1,2,1082302,1865243,2298297,2503380,2537438,0,0,0,0,0,0,0,0,0,0,1,0,0,1,0,0,0,0,0,0
20163164,본 투 비 블루,20160609,2,94333,332881,1,4,38764,58806,75986,83943,94333,0,0,0,0,0,0,0,0,0,0,0,0,0,1,0,0,0,0,0,0
20159645,특별수사: 사형수의 편지,20160616,3,814475,992061,3,3,764396,1116877,1229978,1241884,1243065,0,0,0,0,0,0,1,0,0,0,0,0,0,1,0,0,0,0,0,0
19818004,불의 전차,20160616,1,58197,8627,1,2,20542,29444,35468,40012,58197,0,0,0,0,0,0,0,0,0,0,0,0,0,1,0,0,0,0,0,0
20150782,인디펜던스 데이 : 리써전스,20160622,2,1508490,317460,3,2,1170530,1446215,1497557,1500220,1500830,0,0,0,1,0,0,0,0,0,0,1,0,0,0,0,0,0,1,0,0
20140704,비밀은 없다,20160623,3,263868,1246246,3,4,236971,247687,249431,250044,250904,0,0,0,0,0,0,0,0,0,0,0,0,0,0,0,1,0,0,0,0
20150972,굿바이 싱글,20160629,3,960018,859451,2,3,1242417,1878105,2092148,2108103,2108561,0,0,0,0,0,0,0,0,0,0,0,0,1,1,0,0,0,0,0,0
20154906,사냥,20160629,3,79159,128360,3,3,609141,644724,645796,645909,645922,0,0,0,1,0,0,0,0,0,0,0,0,0,0,0,0,0,0,0,0
20163661,레전드 오브 타잔,20160629,2,2801471,113876,3,2,672498,841908,857751,858402,858402,0,0,0,1,0,0,0,0,0,0,1,0,0,0,0,0,0,0,0,0
20159058,도리를 찾아서,20160706,2,1210281,668371,1,1,1189311,1850801,2147677,2503427,2601761,0,1,0,0,0,0,0,0,0,0,1,0,1,0,0,0,0,0,0,0
20159644,봉이 김선달,20160706,3,1971926,475340,3,2,1321839,1918216,2040833,2044438,2051386,0,0,0,0,0,0,0,0,0,0,0,0,0,0,0,0,0,0,0,1
20150203,나우 유 씨 미 2,20160713,2,1365366,270168,3,2,2166045,2903146,3090535,3098307,3100113,0,0,0,1,0,0,1,0,0,0,0,0,0,0,0,0,0,0,0,0
20163961,데몰리션,20160713,2,45220,186777,1,4,34591,48628,58029,61563,66549,0,0,0,0,0,0,0,0,0,0,0,0,0,1,0,0,0,0,0,0
20165130,나의 산티아고,20160714,1,94722,19874,1,2,25970,46607,63805,75919,94722,0,0,0,0,0,0,0,0,0,0,0,0,1,0,0,0,0,0,0,0
20156564,부산행,20160720,3,1822170,518007,3,3,6659075,9256052,10371044,11007627,11567662,1,0,0,1,0,0,0,0,0,0,0,0,0,0,0,1,0,0,0,0
20161286,아이스 에이지: 지구 대충돌,20160720,2,1022509,121443,3,1,339904,533400,550685,552599,553760,1,1,0,0,0,0,0,0,0,0,1,0,1,0,0,0,0,0,0,0
20164521,극장판 요괴워치: 염라대왕과 5개의 이야기다냥!,20160720,1,440843,65084,3,1,189044,308541,322548,329573,330725,1,1,0,0,0,0,0,0,0,0,0,0,0,0,0,0,0,0,0,0
20156250,인천상륙작전,20160727,3,2460173,763833,3,2,3903979,5669373,6526011,6847431,7051237,1,0,0,0,0,0,0,0,1,0,0,0,0,1,0,0,0,0,0,0
20163189,태풍이 지나가고,20160727,1,91349,23314,1,2,35530,58293,75759,82446,93537,1,0,0,0,0,0,0,0,0,0,0,0,0,1,0,0,0,0,0,0
20161907,제이슨 본,20160727,2,765472,584380,3,3,2016091,2466123,2572560,2600532,2611966,1,0,0,1,0,0,0,0,0,0,0,0,0,0,0,1,0,0,0,0
20152963,수어사이드 스쿼드,20160803,2,273677,210747,3,3,1644839,1854646,1892067,1897734,1898220,1,0,0,1,0,0,0,0,0,0,0,0,0,0,0,0,0,0,0,0
20156082,마이펫의 이중생활,20160803,2,1363463,240530,3,1,1275932,1983323,2316106,2457841,2520700,1,1,0,0,1,0,0,0,0,0,0,0,1,0,0,0,0,0,0,0
20150979,덕혜옹주,20160803,3,1093043,1355848,3,2,2398837,4221620,5025717,5408326,5599995,1,0,0,0,0,0,0,0,0,0,0,0,0,1,0,0,0,0,0,1
20162002,명탐정 코난: 순흑의 악몽,20160803,1,502158,113783,3,2,398209,492775,505196,507689,522344,1,1,0,0,0,0,0,1,0,0,1,0,0,0,0,0,0,0,0,0
20150968,국가대표 2,20160810,3,532699,521124,3,2,562630,672629,700926,708550,710166,0,0,0,0,0,0,0,0,0,0,0,0,0,1,0,0,0,0,0,0
20154910,터널,20160810,3,3690246,1426939,2,2,3763657,5503612,6544954,7021196,7120780,0,0,0,0,0,0,0,0,0,0,0,0,0,1,0,0,0,0,0,0
20148460,서울역,20160817,3,1822170,775957,3,3,137930,145804,146610,146798,147037,1,1,0,0,0,0,0,0,0,0,0,0,0,0,0,0,0,0,0,0
20163043,갤럭시 히어로즈: 라쳇 앤 클랭크,20160817,2,120053,22699,1,1,40438,45174,46569,46589,46793,1,1,0,1,0,0,0,0,0,0,1,0,0,0,0,0,0,0,0,0
20150567,스타트렉 비욘드,20160817,2,1080069,169367,3,2,819394,1065748,1139573,1145550,1157472,1,0,0,1,0,0,0,0,0,0,0,0,0,0,0,0,0,1,0,0
20165981,파워배틀 와치카 미니카 배틀리그: 불꽃의 질주,20160817,3,89699,0,1,1,24486,32807,34524,34761,35668,1,1,0,0,0,0,0,0,0,0,0,0,0,0,0,0,0,0,0,0
20163217,라이트 아웃,20160824,2,1203533,384542,3,3,706849,1033868,1094927,1109037,1111284,3,0,0,0,0,0,0,0,0,0,0,0,0,0,0,0,0,0,1,0
20166901,플로렌스,20160824,1,71063,88809,2,3,114065,135729,137668,138757,139841,3,0,0,0,0,0,0,0,0,0,0,0,0,1,0,0,0,0,0,0
20162404,고스트버스터즈,20160825,2,143395,895931,3,2,351507,500957,512422,514579,515553,3,0,0,1,0,0,0,0,0,0,0,0,1,0,0,0,0,1,0,0
20167261,메카닉: 리크루트,20160831,2,1929736,183567,1,3,470847,531198,549837,551796,552006,3,0,0,1,0,0,1,0,0,0,0,0,0,0,0,1,0,0,0,0
20167563,이퀄스,20160831,2,21693,405515,2,3,65862,68015,68602,68792,68902,3,0,0,0,0,0,0,0,0,0,0,0,0,1,0,0,0,1,0,0
20162968,거울나라의 앨리스,20160907,2,513202,68775,1,2,272918,467307,510182,511787,513202,4,0,0,0,1,0,0,0,0,0,1,0,0,0,0,0,1,0,0,0
20159648,"고산자, 대동여지도",20160907,3,3413011,744610,3,1,445665,889531,965448,970333,974262,4,0,0,0,0,0,0,0,0,0,0,0,0,0,0,0,0,0,0,1
20159646,밀정,20160907,3,1921349,2361328,3,3,3226066,6352011,7077367,7390553,7500457,4,0,0,1,0,0,0,0,0,0,0,0,0,0,0,0,0,0,0,0
20165941,로빈슨 크루소,20160907,1,408404,27877,1,1,65295,116740,128317,133543,139392,4,1,0,0,0,0,0,0,0,0,1,0,1,0,0,0,0,0,0,0
20166721,장난감이 살아있다,20160907,1,81054,420151,1,1,79144,132560,140358,141639,143100,4,1,0,0,1,0,0,0,0,0,1,0,0,0,0,0,0,0,0,0
20166541,달빛궁궐,20160907,3,153273,936065,3,1,81230,140058,148325,150461,153273,4,1,0,0,0,0,0,0,0,0,1,0,0,0,0,0,1,0,0,0
20167154,드림 쏭,20160914,2,117615,62324,2,1,173523,206752,224767,229393,234387,2,1,0,0,0,0,0,0,0,0,0,0,0,0,0,0,0,0,0,0
20163294,매그니피센트 7,20160914,2,214758,147668,3,3,756010,914323,920314,921088,921317,2,0,0,1,0,0,0,0,0,0,0,0,0,0,1,0,0,0,0,0
20167839,벤허,20160914,2,814424,510,3,2,1003113,1293573,1373578,1394721,1400397,2,0,0,0,0,0,0,0,0,0,1,0,0,1,0,0,0,0,0,0
20168401,카페 소사이어티,20160914,2,87589,377724,2,3,74511,103378,117014,121653,126708,2,0,1,0,0,0,0,0,0,0,0,0,0,1,0,0,0,0,0,0
20168885,브리짓 존스의 베이비,20160928,2,820995,219761,3,3,463038,692909,781019,811419,820995,1,0,1,0,0,0,0,0,0,0,0,0,1,0,0,0,0,0,0,0
20168891,설리: 허드슨강의 기적,20160928,2,174719,636914,3,2,418062,580281,616113,622757,627424,1,0,0,0,0,0,0,0,0,0,0,0,0,1,0,0,0,0,0,0
20164501,미스 페레그린과 이상한 아이들의 집,20160928,2,1086112,510743,3,2,1253955,2184784,2544470,2686518,2718158,1,0,0,0,0,0,0,1,0,0,0,0,0,0,0,0,1,0,0,0
20153443,아수라,20160928,3,1434382,1700857,3,4,2218912,2543479,2587398,2591519,2594695,1,0,0,1,0,0,1,0,0,0,0,0,0,0,0,0,0,0,0,0
20160143,피터와 드래곤,20160928,2,38078,22345,1,1,69358,90058,101247,107331,109137,1,0,0,0,1,0,0,0,0,0,1,0,0,0,0,0,1,0,0,0
20168361,바다 탐험대 옥토넛 시즌4: 늪지탐험선K,20160928,1,64858,25800,2,1,42047,55207,61621,66282,69918,1,1,0,0,0,0,0,0,0,0,0,0,0,0,0,0,0,0,0,0
20164094,립반윙클의 신부,20160928,1,25657,8442,1,3,13498,17681,18548,19050,19413,1,0,1,0,0,0,0,0,0,0,0,0,0,1,0,0,0,0,0,0
20169764,백설공주 : 사라진 아빠를 찾아서,20160929,1,55425,14713,1,1,43293,51890,53337,54383,55425,1,1,0,0,1,0,0,0,0,0,0,0,0,0,0,0,0,0,0,0
20167481,맨 인 더 다크,20161005,2,517912,410755,3,4,708515,933246,997082,1002844,1003406,0,0,0,0,0,0,0,0,0,0,0,0,0,0,0,1,0,0,0,0
20168822,디시에르토,20161005,1,13812,280032,1,3,13227,13634,13648,13673,13812,0,0,0,0,0,0,0,0,0,0,0,0,0,1,0,1,0,0,0,0
20161589,죽여주는 여자,20161006,3,391652,669859,2,4,71232,95019,107792,114228,121452,0,0,0,0,0,0,0,0,0,0,0,0,0,1,0,0,0,0,0,0
20153444,럭키,20161013,3,2784974,875244,2,3,2879406,4925286,5933079,6559277,6975631,0,0,0,0,0,0,0,0,0,0,0,0,1,0,0,0,0,0,0,0
20163041,자백,20161013,3,2181,69380,1,3,75292,100800,115269,123962,144372,0,0,0,0,0,0,0,0,0,1,0,0,0,0,0,0,0,0,0,0
20169028,토마스와 친구들: 용감한 기관차와 괴물소동,20161013,1,21277,13580,2,1,18345,23807,25870,26325,27352,0,1,0,0,0,0,0,0,0,0,0,0,0,0,0,0,0,0,0,0
20156007,인페르노,20161019,2,489080,279813,3,3,557906,651924,682444,688145,689071,0,0,0,0,0,0,0,1,0,0,0,0,0,0,0,1,0,0,0,0
20151022,걷기왕,20161020,3,25304,641815,2,2,75646,87191,90239,92626,95542,0,0,0,0,0,0,0,0,0,0,0,0,0,1,0,0,0,0,0,0
20163181,닥터 스트레인지,20161026,2,1460379,697297,1,2,2842766,4208813,4956764,5259664,5447269,0,0,0,1,0,0,0,0,0,0,1,0,0,0,0,0,1,0,0,0
20160781,쿠보와 전설의 악기,20161026,2,796084,134654,3,1,18203,26639,30017,30499,30525,0,1,0,0,1,0,0,0,0,0,1,0,0,0,0,0,1,0,0,0
20160862,선생님의 일기,20161102,1,71753,36093,1,2,61617,70281,71020,71120,72156,0,0,1,0,0,0,0,0,0,0,0,0,0,1,0,0,0,0,0,0
20161796,극장판 파워레인저: 닌자포스 VS 트레인포스 닌자 인 원더랜드,20161103,1,42163,4290,3,1,44738,61551,63823,64351,64729,0,0,0,1,0,0,0,0,0,0,0,0,0,0,0,0,0,0,0,0
20161527,로스트 인 더스트,20161103,2,32252,288709,3,3,67572,77985,79729,80636,81966,0,0,0,0,0,0,1,0,0,0,0,0,0,1,0,0,0,0,0,0
20162609,인어공주 : 새로운 모험의 시작,20161103,1,32624,27602,1,1,25261,30298,31540,32175,32624,0,1,0,0,0,0,0,0,0,0,0,0,0,0,0,0,0,0,0,0
20163521,스플릿,20161109,3,2715622,851277,1,3,553151,716204,755932,757413,758195,0,0,0,0,0,0,0,0,0,0,0,0,0,1,0,0,0,0,0,0
20162147,세상에서 고양이가 사라진다면,20161109,1,41962,32103,1,2,59941,68422,69558,70140,70424,0,0,0,0,0,0,0,0,0,0,0,0,0,1,0,0,0,0,0,0
20162504,감바의 대모험,20161110,1,88193,29390,1,1,64614,95276,111214,116104,117591,0,1,0,0,0,0,0,0,0,0,1,0,0,0,0,0,0,0,0,0
20169730,당신자신과 당신의 것,20161110,3,34114,519357,1,4,12250,15691,17296,17634,18171,0,0,0,0,0,0,0,0,0,0,0,0,0,1,0,0,0,0,0,0
20162365,신비한 동물사전,20161116,2,2801471,195973,3,2,2379264,3703028,4305039,4520586,4667179,0,0,0,0,1,0,0,0,0,0,1,0,0,0,0,0,1,0,0,0
20154905,가려진 시간,20161116,3,176594,276747,2,2,434830,504146,507923,509030,511369,0,0,0,0,0,0,0,0,0,0,0,0,0,1,0,0,1,0,0,0
20162629,하이큐!! 끝과 시작,20161116,1,55508,5223,2,2,51638,66779,73046,75055,100030,0,1,0,0,0,0,0,0,0,0,0,0,0,0,0,0,0,0,0,0
20161603,순종,20161117,3,43983,28236,1,1,23484,35851,42555,47849,58644,0,0,0,0,0,0,0,0,0,1,0,0,0,0,0,0,0,0,0,0
20159286,연애담,20161117,3,14576,289419,1,4,10377,16504,19470,20911,24102,0,0,1,0,0,0,0,0,0,0,0,0,0,0,0,0,0,0,0,0
20154661,형,20161123,3,2493847,990071,3,2,1461481,2372436,2781521,2965327,2982514,0,0,0,0,0,0,0,0,0,0,0,0,1,1,0,0,0,0,0,0
20163824,미스 사이공 : 25주년 특별 공연,20161124,2,6952,0,3,3,25776,37103,40668,43428,48931,0,0,0,0,0,0,0,0,0,0,0,1,0,0,0,0,0,0,0,0
20163903,리틀메딕: 몸속탐험대,20161124,1,66562,32048,2,1,36922,64501,66241,66562,66562,0,1,0,0,1,0,0,0,0,0,0,0,0,0,0,0,0,0,0,0
20162787,테일 오브 테일즈,20161124,1,33290,125254,1,4,19917,26319,29107,29823,30328,0,0,0,0,0,0,0,0,0,0,0,0,0,0,0,0,1,0,0,0
20167628,캡틴 판타스틱,20161130,2,15261,2587,1,3,11322,13727,14169,14247,15261,1,0,0,0,0,0,0,0,0,0,0,0,0,1,0,0,0,0,0,0
20167904,라라랜드,20161207,2,1869774,638172,2,2,794179,1509356,2136290,2584959,3656033,2,0,1,0,0,1,0,0,0,0,0,0,0,1,0,0,0,0,0,0
20144641,판도라,20161207,3,2381985,697721,3,2,1947524,3443787,4106836,4480127,4585116,2,0,0,0,0,0,0,0,0,0,0,0,0,1,0,1,0,0,0,0
20163884,아기배달부 스토크,20161207,2,172448,332707,3,1,189309,300307,321761,322882,323730,2,1,0,0,0,0,0,0,0,0,0,0,0,0,0,0,0,0,0,0
20161763,"나, 다니엘 블레이크",20161208,1,6480,24742,1,2,21061,35996,49498,62453,98966,2,0,0,0,0,0,0,0,0,0,0,0,0,1,0,0,0,0,0,0
20157064,커튼콜,20161208,3,446422,167844,1,3,5166,5385,5463,5513,5526,2,0,0,0,0,0,0,0,0,0,0,0,1,0,0,0,0,0,0,0
20163856,호비와 동화나라 대모험,20161208,1,13337,11787,1,1,10608,14150,15565,15641,16660,2,1,0,0,0,0,0,0,0,0,0,0,0,0,0,0,0,0,0,0
20152371,"당신, 거기 있어줄래요",20161214,3,364097,172792,3,2,784933,1067441,1163531,1168554,1168782,2,0,0,0,0,0,0,0,0,0,0,0,0,1,0,0,1,0,0,0
20161725,마스터,20161221,3,4273582,1765678,3,3,3835983,5863263,6700728,7110151,7150586,1,0,0,1,0,0,1,0,0,0,0,0,0,0,0,0,0,0,0,0
20162025,씽,20161221,2,587937,143928,3,1,751104,1363991,1654744,1722331,1730773,1,1,0,0,0,1,0,0,0,0,0,0,0,0,0,0,0,0,0,0
20162183,포켓몬 더 무비 XY&Z 「볼케니온 : 기계왕국의 비밀」,20161222,1,264829,222666,2,1,181460,261862,279192,281752,282565,1,1,0,0,1,0,0,0,0,0,1,0,0,0,0,0,1,0,0,0
20160221,에곤 쉴레: 욕망이 그린 그림,20161222,1,49654,49654,1,4,19656,30664,39173,43231,49654,1,0,0,0,0,0,0,0,0,0,0,0,0,1,0,0,0,0,0,0
20163183,로그 원: 스타워즈 스토리,20161228,2,576359,890631,2,2,872442,1002832,1015768,1017127,1019309,0,0,0,1,0,0,0,0,0,0,1,0,0,0,0,0,1,1,0,0
20162727,루돌프와 많이있어,20161228,1,186423,209750,3,1,165970,210755,213007,214518,216036,0,1,0,0,0,0,0,0,0,0,0,0,0,0,0,0,0,0,0,0
20165543,하이큐!! 승자와 패자,20161228,1,55508,6732,1,2,25528,32468,36024,37201,53373,0,1,0,0,0,0,0,0,0,0,0,0,0,0,0,0,0,0,0,0
20161872,너의 이름은.,20170104,1,1127853,2017225,3,2,1628373,2738308,3173228,3472356,3727716,3,1,1,0,0,0,0,0,0,0,0,0,0,1,0,0,0,0,0,0
20165153,눈의 여왕 3: 눈과 불의 마법대결,20170104,1,493462,20291,2,1,296708,356670,365077,366908,368195,3,1,0,0,1,0,0,0,0,0,1,0,0,0,0,0,1,0,0,0
20150966,사랑하기 때문에,20170104,3,174629,354207,3,2,295877,338797,339869,340528,340936,3,0,1,0,0,0,0,0,0,0,0,0,1,0,0,0,0,0,0,0
20151181,여교사,20170104,3,11987,96287,1,4,105081,113067,114703,116630,118621,3,0,0,0,0,0,0,0,0,0,0,0,0,1,0,0,0,0,0,0
20168381,얼라이드,20170111,2,209510,438786,3,3,418161,477967,511137,518186,520448,3,0,1,0,0,0,0,0,0,0,0,0,0,1,0,1,0,0,0,0
20165443,모아나,20170112,2,439452,1476622,2,1,915567,1430333,1974565,2190342,2311019,3,1,0,0,0,0,0,0,0,0,0,0,0,0,0,0,0,0,0,0
20163014,7년-그들이 없는 언론,20170112,3,17560,0,1,2,12486,15560,16251,16495,17560,3,0,0,0,0,0,0,0,0,1,0,0,0,0,0,0,0,0,0,0
20151228,공조,20170118,3,3201155,924666,3,3,1621572,5049695,6627878,7437836,7817654,3,0,0,1,0,0,0,0,0,0,0,0,0,0,0,0,0,0,0,0
20163845,터닝메카드W: 블랙미러의 부활,20170118,3,271501,26414,2,1,303598,402912,425108,428663,430013,3,1,0,0,0,0,0,0,0,0,0,0,0,0,0,0,0,0,0,0
20151229,더 킹,20170118,3,2910375,687964,3,3,2372889,4502943,5132099,5307111,5318007,3,0,0,0,0,0,1,0,0,0,0,0,0,1,0,0,0,0,0,0
20163186,단지 세상의 끝,20170118,1,21710,186846,1,3,18011,24954,28697,29896,31604,3,0,0,0,0,0,0,0,0,0,0,0,0,1,0,0,0,0,0,0
20165822,매기스 플랜,20170125,2,27485,112807,1,3,25745,37757,42593,44594,47855,0,0,1,0,0,0,0,0,0,0,0,0,1,0,0,0,0,0,0,0
20167324,라이언,20170201,2,67636,85500,2,2,76088,96220,101582,103428,104439,0,0,0,0,0,0,0,0,0,0,0,0,0,1,0,0,0,0,0,0
20154342,뚜르: 내 생애 최고의 49일,20170201,3,9266,27908,1,2,23777,26373,27153,27432,27908,0,0,0,0,0,0,0,0,0,1,0,0,0,0,0,0,0,0,0,0
20179281,컨택트,20170202,2,229391,562237,3,2,474040,594826,620103,630112,634150,0,0,0,0,0,0,0,0,0,0,0,0,0,1,0,1,0,1,0,0
20161141,50가지 그림자: 심연,20170209,2,137037,96156,3,4,156963,183069,188756,189366,189620,0,0,1,0,0,0,0,0,0,0,0,0,0,1,0,0,0,0,0,0
20150964,조작된 도시,20170209,3,4476245,428667,3,3,1511076,2189513,2462566,2501791,2515590,0,0,0,1,0,0,1,0,0,0,0,0,0,0,0,0,0,0,0,0
20167644,발레리나,20170209,1,101646,329728,2,1,125537,173766,196491,200153,203293,0,1,0,0,1,1,0,0,0,0,1,0,0,0,0,0,0,0,0,0
20162873,레고 배트맨 무비,20170209,2,148760,38404,3,1,124397,142496,148038,148364,148760,0,1,0,1,0,0,0,0,0,0,0,0,1,0,0,0,0,0,0,0
20163580,그레이트 월,20170215,2,239005,46496,3,2,444800,496957,497948,499858,501486,0,0,0,1,0,0,0,0,0,0,0,0,0,0,0,0,1,0,0,0
20166421,재심,20170215,3,967578,866231,1,3,1370817,2111160,2309782,2403818,2421197,0,0,0,0,0,0,0,0,0,0,0,0,0,1,0,0,0,0,0,0
20161744,트롤,20170216,2,532726,3560,3,1,334536,594622,645811,670783,675966,0,1,0,0,0,0,0,0,0,0,0,0,0,0,0,0,0,0,0,0
20167906,마이펫 오지,20170216,1,20590,10110,3,1,91955,120118,122430,123693,124318,0,1,0,0,0,0,0,0,0,0,1,0,0,0,0,0,0,0,0,0
20170241,23 아이덴티티,20170222,2,617609,756388,3,3,1316094,1573959,1666736,1675719,1676011,0,0,0,0,0,0,0,0,0,0,0,0,0,0,0,1,0,0,0,0
20166101,존 윅 - 리로드,20170222,2,351001,240125,1,4,220625,257445,269907,272668,277414,0,0,0,1,0,0,1,0,0,0,0,0,0,0,0,1,0,0,0,0
20165927,문라이트,20170222,2,179277,80434,2,3,71031,119917,149377,164343,179308,0,0,0,0,0,0,0,0,0,0,0,0,0,1,0,0,0,0,0,0
20167922,핵소 고지,20170222,2,327253,913360,2,3,152375,168535,174222,175197,177900,0,0,0,0,0,0,0,0,1,0,0,0,0,1,0,0,0,0,0,0
20161723,싱글라이더,20170222,3,351276,1221714,3,3,320079,346258,350715,351016,351276,0,0,0,0,0,0,0,0,0,0,0,0,0,1,0,0,0,0,0,0
20170509,극장판 소드 아트 온라인 -오디널 스케일-,20170223,1,120921,65958,2,2,75097,94173,105509,111198,120921,0,1,0,1,0,0,0,0,0,0,0,0,0,0,0,0,0,1,0,0
20166468,사일런스,20170228,2,374876,273824,2,3,61237,80368,87624,90559,95156,0,0,0,0,0,0,0,0,0,0,0,0,0,1,0,0,0,0,0,0
20161827,로건,20170301,2,695027,933421,3,4,1312794,1899313,2131969,2162839,2173686,0,0,0,1,0,0,0,0,0,0,0,0,0,0,0,0,0,1,0,0
20158799,눈길,20170301,3,130500,831191,1,3,104626,124326,127069,128723,130500,0,0,0,0,0,0,0,0,0,0,0,0,0,1,0,0,0,0,0,0
20150971,해빙,20170301,3,305774,598866,3,3,1006919,1175424,1203180,1203595,1204600,0,0,0,0,0,0,0,0,0,0,0,0,0,0,0,1,0,0,0,0
20168183,콩: 스컬 아일랜드,20170308,2,844941,729870,3,2,1195510,1609890,1683146,1689700,1689717,0,0,0,1,0,0,0,0,0,0,1,0,0,0,0,0,1,0,0,0
20168750,파도가 지나간 자리,20170308,2,49384,82781,2,3,55475,74284,79696,81898,82736,0,0,1,0,0,0,0,0,0,0,0,0,0,1,0,0,0,0,0,0
20170761,걸 온 더 트레인,20170309,2,92079,497951,3,4,27148,27455,27990,28690,29190,0,0,0,0,0,0,0,1,0,0,0,0,0,1,0,1,0,0,0,0
20164721,미녀와 야수,20170316,2,1256098,497995,2,1,2075794,3445348,4274946,4711186,5138328,0,0,1,0,0,1,0,0,0,0,0,0,0,0,0,0,1,0,0,0
20170221,골드,20170322,2,571743,769698,2,3,23431,25137,25172,25281,25659,0,0,0,0,0,0,0,0,0,0,1,0,0,1,0,0,0,0,0,0
20167363,히든 피겨스,20170323,2,267966,283724,3,2,208809,323574,384246,415406,449518,0,0,0,0,0,0,0,0,0,0,0,0,0,1,0,0,0,0,0,0
20162181,프리즌,20170323,3,2931897,894748,2,4,1700909,2425884,2771331,2891150,2931897,0,0,0,1,0,0,1,0,0,0,0,0,0,0,0,0,0,0,0,0
20167902,보통사람,20170323,3,192537,731949,1,3,329602,379760,383048,383335,383336,0,0,0,0,0,0,0,0,0,0,0,0,0,1,0,0,0,0,0,0
20179442,밤의 해변에서 혼자,20170323,3,34114,726894,1,4,32664,45615,50611,53240,57110,0,0,0,0,0,0,0,0,0,0,0,0,0,1,0,0,0,0,0,0
20171801,극장판 암살교실 : 365일의 시간,20170323,1,10474,18175,2,2,20027,26083,27758,28236,28364,0,1,0,0,0,0,0,0,0,0,0,0,0,0,0,0,0,0,0,0
20151230,원라인,20170329,3,435142,297271,3,3,351725,426026,433118,434338,435142,0,0,0,0,0,0,1,0,0,0,0,0,0,0,0,0,0,0,0,0
20167364,미스 슬로운,20170329,2,41775,845311,1,3,28451,38306,44123,46615,48051,0,0,0,0,0,0,0,0,0,0,0,0,0,1,0,1,0,0,0,0
20164926,분노,20170330,1,22061,22309,3,4,14034,20857,25955,27436,29426,0,0,0,0,0,0,0,0,0,0,0,0,0,0,0,1,0,0,0,0
20167901,어느날,20170405,3,170494,820634,1,3,198408,229413,233838,234645,234829,1,0,1,0,0,0,0,0,0,0,0,0,0,0,0,0,0,0,0,0
20171381,라이프,20170405,2,161362,132528,2,3,387291,451098,459261,459880,459984,1,0,0,0,0,0,0,0,0,0,0,0,0,0,0,1,0,1,0,0
20151227,아빠는 딸,20170412,3,223,255207,3,2,357625,589470,643875,646097,647305,2,0,0,0,0,0,0,0,0,0,0,0,1,0,0,0,0,0,0,0
20167542,분노의 질주: 더 익스트림,20170412,2,896912,210623,3,3,1794978,2798060,3424763,3624850,3659516,2,0,0,1,0,0,1,0,0,0,0,0,0,0,0,1,0,0,0,0
20173690,흑집사 북 오브 더 아틀란틱,20170413,1,24563,8430,2,3,17894,27208,33167,36013,38321,2,1,0,1,0,0,0,0,0,0,0,0,0,1,0,0,1,0,0,0
20170741,지니어스,20170413,2,27224,193183,1,2,19924,24351,26044,26647,27224,2,0,0,0,0,0,0,0,0,0,0,0,0,1,0,0,0,0,0,0
20173601,리틀 프린세스 소피아: 엘레나와 비밀의 아발로 왕국,20170413,2,53970,38340,2,1,18896,36563,43901,45328,45484,2,1,0,0,1,1,0,0,0,0,1,0,0,0,0,0,1,0,0,0
20172541,오두막,20170420,2,39958,312127,2,2,44456,54346,59433,64290,77699,2,0,0,0,0,0,0,0,0,0,0,0,0,1,0,0,0,0,0,0
20174561,더 플랜,20170420,3,45001,0,1,3,25199,31930,33925,34122,34225,2,0,0,0,0,0,0,0,0,1,0,0,0,0,0,0,0,0,0,0
20172125,파운더,20170420,2,134355,1359883,2,3,26370,32747,34153,34435,34593,2,0,0,0,0,0,0,0,0,0,0,0,0,1,0,0,0,0,0,0
20172641,마리안느와 마가렛,20170420,3,29233,21924,2,1,14408,21225,22976,25993,29233,2,0,0,0,0,0,0,0,0,1,0,0,0,0,0,0,0,0,0,0
20161726,임금님의 사건수첩,20170426,3,1753842,626019,3,2,1111569,1569479,1626857,1632364,1635003,2,0,0,1,0,0,0,0,0,0,1,0,1,0,0,0,0,0,0,0
20173301,"서서평, 천천히 평온하게",20170426,3,92968,193695,1,1,55887,78308,90200,95757,123958,2,0,0,0,0,0,0,0,0,1,0,0,0,0,0,0,0,0,0,0
20162871,특별시민,20170426,3,896785,1008553,2,3,1208488,1351694,1359721,1360335,1362634,2,0,0,0,0,0,0,0,0,0,0,0,0,1,0,0,0,0,0,0
20164829,나는 부정한다,20170426,2,19113,15935,1,2,17166,24089,26699,28858,31673,2,0,0,0,0,0,0,0,0,0,0,0,0,1,0,0,0,0,0,0
20174165,극장판 또봇: 로봇군단의 습격,20170427,3,106398,182528,3,1,97298,134860,140790,141334,141865,1,1,0,0,0,0,0,0,0,0,0,0,0,0,0,0,0,0,0,0
20175142,극장판 쿠로코의 농구 라스트 게임,20170427,1,32587,11292,2,2,26102,38924,47335,52072,63536,1,1,0,0,0,0,0,0,0,0,0,0,0,0,0,0,0,0,0,0
20161665,스머프: 비밀의 숲,20170428,2,590925,257451,2,1,349854,407546,422499,425078,427764,1,1,0,0,1,0,0,0,0,0,0,0,0,0,0,0,0,0,0,0
20162722,보안관,20170503,3,1647522,906833,3,3,1716624,2351249,2549414,2582676,2588628,0,0,0,0,0,0,1,0,0,0,0,0,1,0,0,0,0,0,0,0
20174061,보스 베이비,20170503,2,1565704,267487,3,1,1545854,2001401,2236518,2351036,2452245,0,1,0,0,1,0,0,0,0,0,0,0,1,0,0,0,0,0,0,0
20163603,가디언즈 오브 갤럭시 VOL. 2,20170503,2,2736060,1375406,2,2,2055994,2516532,2696205,2729963,2736060,0,0,0,1,0,0,0,0,0,0,0,0,0,0,0,0,0,1,0,0
20173061,슈퍼 빼꼼: 스파이 대작전,20170503,3,79848,68895,3,1,87040,93644,96597,98572,99752,0,1,0,0,0,0,0,0,0,0,0,0,1,0,0,0,0,0,0,0
20163185,언노운 걸,20170503,1,60054,27096,1,2,15620,20750,23548,24321,25243,0,0,0,0,0,0,0,0,0,0,0,0,0,1,0,0,0,0,0,0
20156708,석조저택 살인사건,20170509,3,550239,339054,2,3,328584,349072,350599,350787,353517,1,0,0,0,0,0,0,0,0,0,0,0,0,0,0,1,0,0,0,0
20179382,에이리언: 커버넌트,20170509,2,393588,780470,3,3,1063197,1272178,1301602,1304484,1307226,1,0,0,0,0,0,0,0,0,0,0,0,0,0,0,1,0,1,0,0
20170321,목소리의 형태,20170509,1,76780,43830,1,1,221363,263070,273533,275402,276463,1,1,1,0,0,0,0,0,0,0,0,0,0,0,0,0,0,0,0,0
20175262,겟 아웃,20170517,2,1807270,265114,3,3,1261443,1838593,2079924,2113587,2139452,2,0,0,0,0,0,0,1,0,0,0,0,0,1,0,1,0,0,1,0
20164844,불한당: 나쁜 놈들의 세상,20170517,3,931857,993787,3,4,712525,890777,914990,921225,963114,2,0,0,1,0,0,1,0,0,0,0,0,0,1,0,0,0,0,0,0
20173961,킹 아서: 제왕의 검,20170517,2,2939942,364953,3,2,383668,414832,415605,415714,415714,2,0,0,1,0,0,0,0,0,0,1,0,0,0,0,0,1,0,0,0
20174721,로스트 인 파리,20170518,1,9315,9315,1,2,13460,18357,21866,24237,27256,2,0,1,0,0,0,0,0,0,0,1,0,0,0,0,0,0,0,0,0
20170982,캐리비안의 해적: 죽은 자는 말이 없다,20170524,2,1152307,299181,2,2,1865118,2712372,2924611,3028200,3049894,2,0,0,1,0,0,0,0,0,0,1,0,1,0,0,0,1,0,0,0
20174602,노무현입니다,20170525,3,549680,77219,1,2,873954,1430543,1638808,1761700,1855515,2,0,0,0,0,0,0,0,0,1,0,0,0,0,0,0,0,0,0,0
20173642,너와 100번째 사랑,20170525,1,51939,50071,1,2,43239,71224,78011,80110,80839,2,0,1,0,0,0,0,0,0,0,0,0,0,1,0,0,0,0,0,0
20169348,대립군,20170531,3,983069,988190,3,3,746802,809219,832111,835564,837500,1,0,0,0,0,0,0,0,0,0,0,0,0,1,0,0,0,0,0,1
20168261,원더 우먼,20170531,2,365642,455670,3,2,1587714,1933648,2114239,2151021,2165401,1,0,0,1,0,0,0,0,0,0,1,0,0,0,0,0,1,1,0,0
20160483,꿈의 제인,20170531,3,25110,117525,1,4,12652,16722,19682,21961,25110,1,0,0,0,0,0,0,0,0,0,0,0,0,1,0,0,0,0,0,0
20176141,베이블레이드 버스트 갓 : 갓 발키리의 탄생,20170601,1,109358,221759,3,1,83760,103729,108644,109190,109358,1,1,0,0,0,0,0,0,0,0,0,0,0,0,0,0,0,0,0,0
20174821,바다 탐험대 옥토넛 시즌4: 더 파이널,20170601,1,64858,22305,2,1,46304,63305,69592,73282,73797,1,1,0,0,0,0,0,0,0,0,1,0,0,0,0,0,0,0,0,0
20175581,파워배틀 와치카: 와치가면의 역습,20170601,3,50768,22544,1,1,19701,22350,22805,23290,23675,1,1,0,0,0,0,0,0,0,0,0,0,0,0,0,0,0,0,0,0
20166488,미이라,20170606,2,15,236922,3,3,2580157,3346629,3604768,3673396,3689325,1,0,0,1,0,0,0,0,0,0,1,0,0,0,0,0,1,0,0,0
20162343,악녀,20170608,3,1316126,185914,3,4,679877,1032037,1173053,1201673,1208081,0,0,0,1,0,0,0,0,0,0,0,0,0,0,0,0,0,0,0,0
20168041,용순,20170608,3,13411,235482,3,3,9141,11116,12053,12475,13411,0,0,0,0,0,0,0,0,0,0,0,0,0,1,0,0,0,0,0,0
20173833,심야식당 2,20170608,1,51373,26070,1,2,32348,41678,45473,46381,46700,0,0,0,0,0,0,0,0,0,0,0,0,0,1,0,0,0,0,0,0
20176983,킹 오브 프리즘 프라이드 더 히어로,20170610,1,37739,24154,1,3,21002,31149,39612,47664,128847,0,1,0,0,0,0,0,0,0,0,0,0,0,0,0,0,0,0,0,0
20166384,하루,20170615,3,1129609,647902,2,3,762651,1076472,1125069,1129127,1129609,0,0,0,0,0,0,0,0,0,0,0,0,0,0,0,1,0,0,0,0
20175662,엘르,20170615,1,181702,15258,2,4,16736,27420,32553,33997,35368,0,0,0,0,0,0,0,0,0,0,0,0,0,1,0,1,0,0,0,0
20172241,꼬마돼지 베이브의 대모험,20170615,1,42879,20131,2,1,25228,34930,38254,41099,42879,0,1,0,0,0,0,0,0,0,0,1,0,0,0,0,0,0,0,0,0
20175423,나의 붉은고래,20170615,1,43840,28144,1,1,52993,57119,57651,58276,58454,0,1,0,0,0,0,0,0,0,0,0,0,0,0,0,0,1,0,0,0
20176741,꼬마참새 리차드: 아프리카 원정대,20170615,1,198614,58124,2,1,36546,57773,68254,78682,81136,0,1,0,0,0,0,0,0,0,0,0,0,0,0,0,0,0,0,0,0
20166967,트랜스포머: 최후의 기사,20170621,2,2534554,166585,3,2,2015435,2488693,2584236,2612964,2614601,0,0,0,1,0,0,0,0,0,0,1,0,0,0,0,0,0,1,0,0
20176201,더 서클,20170622,2,71362,702880,2,2,64815,70987,71328,71360,71362,0,0,0,0,0,0,0,0,0,0,0,0,0,1,0,1,0,1,0,0
20178982,박열,20170628,3,2591738,908762,3,2,1457643,1970187,2289636,2353486,2359707,0,0,0,0,0,0,0,0,0,0,0,0,0,1,0,0,0,0,0,0
20159647,리얼,20170628,3,470195,791607,3,4,426567,460058,467053,469350,470195,0,0,0,1,0,0,0,0,0,0,0,0,0,0,0,0,0,0,0,0
20176961,지랄발광 17세,20170628,2,83258,391422,2,3,52471,78115,83018,83258,83258,0,0,0,0,0,0,0,0,0,0,0,0,1,1,0,0,0,0,0,0
20158485,옥자,20170629,2,4843774,265110,3,2,162216,238562,282374,302775,322663,0,0,0,1,0,0,0,0,0,0,1,0,0,1,0,0,0,0,0,0
20167303,스파이더맨: 홈 커밍,20170705,2,5094528,1046470,2,2,4301549,6241925,7009762,7209548,7258678,0,0,0,1,0,0,0,0,0,0,1,0,0,0,0,0,0,1,0,0
20176102,그 후,20170706,3,34114,7136,1,4,13331,16564,17660,18157,18667,0,0,0,0,0,0,0,0,0,0,0,0,0,1,0,0,0,0,0,0
20177501,플립,20170712,2,84240,161458,2,2,191288,301911,342576,352008,355781,0,0,1,0,0,0,0,0,0,0,0,0,0,1,0,0,0,0,0,0
20174801,내 사랑,20170712,1,337637,180233,1,2,126020,189559,233098,264410,337637,0,0,1,0,0,0,0,0,0,0,0,0,0,1,0,0,0,0,0,0
20175522,카3: 새로운 도전,20170713,2,487916,111205,2,1,325396,460745,481942,486451,487916,0,1,0,0,1,0,0,0,0,0,1,0,1,0,0,0,0,0,0,0
20176562,예수는 역사다,20170713,2,88496,125215,1,1,80004,124888,144753,153571,174197,0,0,0,0,0,0,0,0,0,0,0,0,0,1,0,0,0,0,0,0
20176781,내가 죽기 전에 가장 듣고 싶은 말,20170719,2,382716,62832,1,2,35332,42495,43907,44597,45622,1,0,0,0,0,0,0,0,0,0,0,0,1,0,0,0,0,0,0,0
20164621,덩케르크,20170720,2,3872152,210437,3,2,1813281,2443358,2671682,2742254,2793042,1,0,0,1,0,0,0,0,1,0,0,0,0,1,0,1,0,0,0,0
20178321,극장판 짱구는 못말려 : 습격!! 외계인 덩덩이,20170720,1,206517,48000,3,1,188714,289898,327410,331707,333184,1,1,0,0,0,0,0,0,0,0,0,0,0,0,0,0,0,0,0,0
20177761,오즈: 신기한 마법가루,20170720,1,78440,18718,1,1,71436,77203,77955,78201,78440,1,1,0,0,1,0,0,0,0,0,1,0,0,0,0,0,0,0,0,0
20173403,슈퍼배드 3,20170726,2,1800756,647504,3,1,1922726,2813753,3152068,3274446,3324874,1,1,0,0,0,0,0,0,0,0,0,0,0,0,0,0,0,0,0,0
20161481,군함도,20170726,3,2767861,552049,3,3,5188514,6311866,6526597,6568177,6592151,1,0,0,1,0,0,0,0,0,0,0,0,0,1,0,0,0,0,0,0
20178646,송 투 송,20170726,2,16014,155734,2,4,18540,21824,22269,22518,22518,1,0,1,0,0,0,0,0,0,0,0,0,0,1,0,0,0,0,0,0
20162869,택시운전사,20170802,3,5465711,946806,2,3,5812815,9228696,10740398,11577658,12189654,1,0,0,0,0,0,0,0,0,0,0,0,0,1,0,0,0,0,0,0
20170124,명탐정 코난:진홍의 연가,20170802,1,502158,176405,3,2,374351,434116,447498,449428,450705,1,1,0,0,0,0,0,0,0,0,0,0,0,0,0,0,0,0,0,0
20178762,파리로 가는 길,20170803,2,119870,69370,1,2,38162,69834,91149,103310,119870,1,0,1,0,0,0,0,0,0,0,0,0,0,1,0,0,0,0,0,0
20162442,청년경찰,20170809,3,2423679,1768454,3,3,2910602,4229505,5045044,5459945,5653444,0,0,0,1,0,0,0,0,0,0,0,0,0,0,0,0,0,0,0,0
20178641,빅풋 주니어,20170809,1,492953,19063,2,1,198346,274540,304117,313614,320545,0,1,0,0,1,0,0,0,0,0,1,0,0,0,0,0,0,0,0,0
20161081,애나벨 : 인형의 주인,20170810,2,1203533,664251,3,3,1501588,1834968,1918049,1933067,1934270,0,0,0,0,0,0,0,0,0,0,0,0,0,0,0,0,0,0,1,0
20179085,극장판 도라에몽: 진구의 남극 꽁꽁 대모험,20170810,1,167052,66137,3,1,130272,161673,165821,166736,167052,0,1,0,0,1,0,0,0,0,0,1,0,0,0,0,0,0,1,0,0
20179901,혹성탈출: 종의 전쟁,20170815,2,1303626,787432,3,2,1673102,1988185,2042884,2049065,2051315,0,0,0,1,0,0,0,0,0,0,1,0,0,1,0,0,0,1,0,0
20179226,드래곤 스펠: 마법 꽃의 비밀,20170815,1,79400,30800,1,1,63347,77549,78881,79209,79446,0,1,0,0,0,0,0,0,0,0,0,0,0,0,0,0,1,0,0,0
20179187,공범자들,20170817,3,2181,86020,1,3,105370,178000,223134,246453,260514,0,0,0,0,0,0,0,0,0,1,0,0,0,0,0,0,0,0,0,0
20151003,장산범,20170817,3,1306438,529250,3,3,880746,1211182,1301808,1305587,1306438,0,0,0,0,0,0,0,1,0,0,0,0,0,0,0,1,0,0,0,0
20164174,브이아이피,20170823,3,2210839,763342,3,4,1149341,1350795,1369688,1373197,1373316,0,0,0,0,0,0,1,0,0,0,0,0,0,1,0,0,0,0,0,0
20165001,더 테이블,20170824,3,54220,98359,1,2,56720,80433,94484,99312,103092,0,0,1,0,0,0,0,0,0,0,0,0,0,1,0,0,0,0,0,0
20170389,극장판 위 베어 베어스: 곰 브라더스,20170824,2,24079,21799,2,1,29062,31308,31862,32018,32021,0,1,0,0,0,0,0,0,0,0,0,0,0,0,0,0,0,0,0,0
20158047,발레리안: 천 개 행성의 도시,20170830,1,208760,537785,2,2,424509,506049,510114,510236,511931,0,0,0,1,0,0,0,0,0,0,1,0,0,0,0,0,0,1,0,0
20179407,로마의 휴일,20170830,3,281989,89835,3,3,128296,132557,134142,134727,134827,0,0,0,0,0,0,0,0,0,0,0,0,1,1,0,0,0,0,0,0
20171962,킬러의 보디가드,20170830,2,937025,548101,1,3,958066,1362439,1533682,1612986,1722017,0,0,0,1,0,0,0,0,0,0,0,0,1,0,0,0,0,0,0,0
20166132,김광석,20170830,3,50631,98926,1,3,36364,44860,48198,65079,98926,0,0,0,0,0,0,0,0,0,1,0,0,0,0,0,0,0,0,0,0
20154909,살인자의 기억법,20170906,3,1339673,1038659,2,3,1508731,2222966,2538953,2652141,2658589,2,0,0,0,0,0,1,0,0,0,0,0,0,0,0,1,0,0,0,0
20179696,그것,20170906,2,448157,220142,3,3,673742,838362,879474,887296,888836,2,0,0,0,0,0,0,0,0,0,0,0,0,1,0,0,0,0,1,0
20170268,매혹당한 사람들,20170906,2,25858,132802,3,3,47643,51951,53097,53744,54041,2,0,0,0,0,0,0,0,0,0,0,0,0,1,0,1,0,0,0,0
20171923,저수지 게임,20170907,3,45001,17937,1,3,72921,104790,119189,123356,125562,3,0,0,0,0,0,0,0,0,1,0,0,0,0,0,0,0,0,0,0
20172148,몬스터 섬의 비밀,20170907,1,549904,4848,2,1,13381,20594,26511,26688,26739,3,1,0,0,0,0,0,0,0,0,0,0,0,0,0,0,0,0,0,0
20171090,베이비 드라이버,20170914,1,450384,125503,2,3,563851,765625,817809,822056,823624,5,0,0,1,0,0,1,0,0,0,0,0,0,0,0,1,0,0,0,0
20177541,아메리칸 메이드,20170914,2,1353257,831890,3,3,344437,397020,399637,400163,401541,5,0,0,1,0,0,1,0,0,0,0,0,0,0,0,0,0,0,0,0
20170607,몬스터 콜,20170914,1,1637372,179406,3,2,64059,80132,84892,86686,89560,5,0,0,0,0,0,0,0,0,0,0,0,0,1,0,0,1,0,0,0
20173945,인비저블 게스트,20170921,1,81084,17365,1,3,65060,90253,94005,94660,95390,5,0,0,0,0,0,1,1,0,0,0,0,0,0,0,1,0,0,0,0
20174142,아이 캔 스피크,20170921,3,1811950,1213668,1,2,1099933,2406280,3044836,3193018,3283470,5,0,0,0,0,0,0,0,0,0,0,0,1,0,0,0,0,0,0,0
20175222,킹스맨: 골든 서클,20170927,2,2435074,553384,3,4,3377882,4631034,4869026,4937082,4945484,4,0,0,1,0,0,0,0,0,0,1,0,1,0,0,0,0,0,0,0
20172142,극장판 요괴워치: 하늘을 나는 고래와 더블세계다냥!,20170927,1,207776,7816,3,1,142066,205473,211771,214241,215203,4,1,0,0,0,0,0,0,0,0,0,0,0,0,0,0,0,0,0,0
20171312,우리의 20세기,20170927,2,26998,35705,1,3,17083,27764,31317,33103,35541,4,0,0,0,0,0,0,0,0,0,0,0,0,1,0,0,0,0,0,0
20169463,다시 태어나도 우리,20170927,3,28743,28743,1,1,12753,20696,25295,28217,38324,4,0,0,0,0,0,0,0,0,1,0,0,0,0,0,0,0,0,0,0
20172627,리틀 프린세스 소피아 : 신비한 섬,20170928,2,53970,27134,2,1,36339,56194,59619,61425,62454,3,1,0,0,1,1,0,0,0,0,1,0,0,0,0,0,1,0,0,0
20172742,범죄도시,20171003,3,2934325,1327696,1,4,2388597,3933787,5176405,5992694,6880546,0,0,0,1,0,0,1,0,0,0,0,0,0,0,0,0,0,0,0,0
20165450,남한산성,20171003,3,4518433,289499,3,3,3312547,3670777,3794446,3834871,3849129,0,0,0,0,0,0,0,0,0,0,0,0,0,1,0,0,0,0,0,1
20171817,넛잡 2,20171003,3,224667,74923,3,1,313449,358568,385580,397443,411787,0,1,0,0,1,0,0,0,0,0,1,0,1,0,0,0,0,0,0,0
20170964,딥,20171003,1,461,101726,2,1,201866,219302,227125,228774,230068,0,1,0,0,0,1,0,0,0,0,1,0,0,0,0,0,0,0,0,0
20173092,어메이징 메리,20171004,2,1738602,348213,3,2,22604,30379,33461,33819,34777,0,0,0,0,0,0,0,0,0,0,0,0,0,1,0,0,0,0,0,0
20168282,블레이드 러너 2049,20171012,2,229391,26003,2,3,276578,310671,315264,318264,322664,0,0,0,1,0,0,0,0,0,0,0,0,0,0,0,0,0,1,0,0
20176767,"나는 내일, 어제의 너와 만난다",20171012,1,8364,6916,1,2,80357,139785,166165,172160,179709,0,0,1,0,0,0,0,0,0,0,0,0,0,0,0,0,1,1,0,0
20173694,지오스톰,20171019,2,330871,224526,3,2,858015,1013200,1027461,1028370,1028384,0,0,0,1,0,0,0,0,0,0,0,0,0,0,0,1,0,1,0,0
20172064,마더!,20171019,2,779261,509994,3,4,40972,45642,46333,46617,46677,0,0,0,0,0,0,0,1,0,0,0,0,0,1,0,1,0,0,0,0
20173806,노 게임 노 라이프 -제로-,20171019,1,91262,48896,2,2,50175,66619,76670,83020,91262,0,1,0,0,0,0,0,0,0,0,0,0,0,0,0,0,0,0,0,0
20176761,잠깐만 회사 좀 관두고 올게,20171019,1,12138,21301,2,2,30068,33451,34360,34880,35529,0,0,0,0,0,0,0,0,0,0,0,0,0,1,0,0,0,0,0,0
20171024,너의 췌장을 먹고 싶어,20171025,1,51939,31848,3,2,259484,370797,423179,448741,465606,0,0,0,0,0,0,0,0,0,0,0,0,0,1,0,0,0,0,0,0
20175121,토르: 라그나로크,20171025,2,1675511,784532,2,2,2637562,3765884,4392305,4638245,4858572,0,0,0,1,0,0,0,0,0,0,1,0,0,0,0,0,1,1,0,0
20164481,유리정원,20171025,3,12488,222027,1,2,21155,22216,22565,22663,22752,0,0,0,0,0,0,0,1,0,0,0,0,0,1,0,0,0,0,0,0
20175208,뷰티풀 투모로우,20171026,3,63279,662503,1,2,35873,46910,57233,60317,63279,0,0,0,0,0,0,0,0,0,0,0,0,0,1,0,0,0,0,0,0
20174103,배저로와 친구들: 신비한 모험,20171026,1,22392,8212,2,1,20066,23807,24573,25546,26185,0,1,0,0,1,1,0,0,0,0,1,0,1,0,0,0,1,0,0,0
20169643,침묵,20171102,3,449428,133839,3,3,407888,488125,493191,494057,494097,0,0,0,0,0,0,0,0,0,0,0,0,0,1,0,0,0,0,0,0
20172603,부라더,20171102,3,1382860,1681652,3,2,975154,1381374,1477840,1490050,1492903,0,0,0,0,0,0,0,0,0,0,0,0,1,0,0,0,0,0,0,0
20173612,메소드,20171102,3,853727,60943,1,3,19200,24199,25216,26103,26651,0,0,0,0,0,0,0,0,0,0,0,0,0,1,0,0,0,0,0,0
20173804,배드 지니어스,20171102,1,17943,4050,2,3,14769,16815,17252,17749,17941,0,0,0,0,0,0,0,0,0,0,0,0,0,0,0,1,0,0,0,0
20177342,내게 남은 사랑을,20171102,3,51038,60553,1,2,16498,20101,22906,24628,28355,0,0,0,0,0,0,0,0,0,0,0,0,0,1,0,0,0,0,0,0
20174622,해피 데스데이,20171108,2,412850,208147,3,3,671164,1127354,1345971,1378840,1382650,0,0,0,0,0,0,0,1,0,0,0,0,0,0,0,1,0,0,1,0
20179942,러빙 빈센트,20171109,1,19145,0,2,3,82829,152514,239413,300251,409692,0,1,0,0,0,0,0,1,0,0,0,0,0,0,0,0,0,0,0,0
20175441,채비,20171109,3,91091,926936,1,2,112318,146675,163533,171066,177439,0,0,0,0,0,0,0,0,0,0,0,0,0,1,0,0,0,0,0,0
20161681,미옥,20171109,3,242737,795058,2,4,231750,238055,238532,238567,242737,0,0,0,1,0,0,1,0,0,0,0,0,0,0,0,0,0,0,0,0
20168754,7호실,20171115,3,117233,791121,3,3,310417,343639,346386,347636,348017,0,0,0,0,0,0,0,0,0,0,0,0,1,0,0,0,0,0,0,0
20168221,저스티스 리그,20171115,2,1118671,204023,3,2,1320719,1687925,1769615,1785920,1786386,0,0,0,1,0,0,0,0,0,0,1,0,0,0,0,0,1,1,0,0
20174778,하이큐!! 재능과 센스,20171115,1,55508,6732,2,2,16232,26206,33183,35284,43487,0,1,0,0,0,0,0,0,0,0,0,0,0,0,0,0,0,0,0,0
20175611,페이트 스테이 나이트 헤븐즈필 제1장 프레시지 플라워,20171116,1,44510,11019,2,3,26463,34338,37850,40487,44033,0,1,0,1,0,0,0,0,0,0,0,0,0,0,0,0,1,0,0,0
20165748,꾼,20171122,3,4018341,787672,2,3,2199935,3235099,3893380,4015561,4018341,0,0,0,0,0,0,1,0,0,0,0,0,0,0,0,0,0,0,0,0
20175288,피터와 모글리의 크리스마스 어드벤처,20171123,1,25419,0,2,1,22527,29340,31426,33103,34899,0,1,0,0,0,0,0,0,0,0,0,0,0,0,0,0,0,0,0,0
20161762,반드시 잡는다,20171129,3,1615343,998360,3,3,351038,441605,446334,446780,446780,1,0,0,0,0,0,0,0,0,0,0,0,0,0,0,1,0,0,0,0
20178581,오리엔트 특급 살인,20171129,2,402257,143659,3,2,599806,833500,861833,862997,864757,1,0,0,0,0,0,1,1,0,0,0,0,0,1,0,0,0,0,0,0
20173581,기억의 밤,20171129,3,463500,1609281,1,3,743239,1249492,1382399,1386411,1387779,1,0,0,0,0,0,0,1,0,0,0,0,0,0,0,1,0,0,0,0
20174846,뽀로로 극장판 공룡섬 대모험,20171207,3,515652,63502,3,1,380096,588234,737010,802275,827338,2,1,0,0,0,0,0,0,0,0,0,0,0,0,0,0,0,0,0,0
20174585,메리와 마녀의 꽃,20171207,1,546967,107123,2,1,394777,516190,534575,535539,535669,2,1,0,0,0,0,0,0,0,0,1,0,0,0,0,0,0,0,0,0
20170272,산상수훈,20171207,3,27656,21721,1,1,20982,24945,29086,40183,55033,2,0,0,0,0,0,0,0,0,0,0,0,0,1,0,0,0,0,0,0
20170402,강철비,20171214,3,7913986,1825655,3,3,2375222,3722868,4230919,4405375,4452850,2,0,0,1,0,0,0,0,0,0,0,0,0,1,0,0,0,0,0,0
20170443,스타워즈: 라스트 제다이,20171214,2,484925,145578,2,2,765591,935014,953840,957457,959577,2,0,0,1,0,0,0,0,0,0,1,0,0,0,0,0,1,1,0,0
20175481,튤립 피버,20171214,2,201276,176937,2,4,44120,50823,52757,53006,53121,2,0,1,0,0,0,0,0,0,0,0,0,0,1,0,0,0,0,0,0
20176367,극장판 숲의 요정 페어리루 ~크리스마스의 기적: 마법의 날개~,20171214,1,59375,48267,1,1,43047,52632,57470,58648,59375,2,1,0,0,0,0,0,0,0,0,0,0,0,0,0,0,0,0,0,0
20150976,신과함께-죄와 벌,20171220,3,5803852,578979,3,2,5696686,9966473,11974784,13110626,14411775,1,0,0,0,0,0,0,0,0,0,0,0,0,1,0,0,1,0,0,0
20179462,위대한 쇼맨,20171220,2,1403026,321253,3,2,637730,935683,1136916,1246208,1403019,1,0,0,0,0,1,0,0,0,0,0,0,0,1,0,0,0,0,0,0
20174965,극장판 포켓몬스터 너로 정했다!,20171221,1,264829,171955,2,1,327802,479905,505130,508490,509555,1,1,0,0,1,0,0,0,0,0,1,0,0,0,0,0,0,0,0,0
20176049,패터슨,20171221,2,170564,50075,1,2,22002,35206,43302,49685,68008,1,0,0,0,0,0,0,0,0,0,0,0,0,1,0,0,0,0,0,0
20170590,1987,20171227,3,3209071,322784,3,3,2865772,4611798,6122808,6805864,7232387,0,0,0,0,0,0,0,0,0,0,0,0,0,1,0,0,0,0,0,0
20176947,원더,20171227,2,142094,74783,2,1,116959,161342,188976,212657,266983,0,0,0,0,0,0,0,0,0,0,0,0,0,1,0,0,0,0,0,0
20177104,페르디난드,20180103,2,581734,420360,3,1,431600,512168,527310,532426,535434,0,1,0,0,0,0,0,0,0,0,1,0,1,0,0,0,0,0,0,0
20171909,쥬만지: 새로운 세계,20180103,2,1384268,360232,2,2,1135453,1616656,1701612,1710330,1711246,0,0,0,1,0,0,0,0,0,0,1,0,0,0,0,0,0,0,0,0
20179985,코코,20180111,2,1262041,1069795,2,1,1237333,2072884,2770181,3144631,3513114,0,1,0,0,0,0,0,0,0,0,0,0,0,0,0,0,0,0,0,0
20177602,"쏘아올린 불꽃, 밑에서 볼까? 옆에서 볼까?",20180111,1,14959,5847,3,3,26455,26867,26912,26919,27083,0,1,1,0,0,0,0,0,0,0,0,0,0,0,0,0,0,0,0,0
20179286,하이큐!! 콘셉트의 싸움,20180111,1,55508,6732,2,2,11856,16120,18300,19513,25144,0,1,0,0,0,0,0,0,0,0,0,0,0,0,0,0,0,0,0,0
20175054,메이즈 러너: 데스 큐어,20180117,2,2447971,137907,3,2,1530639,2080969,2248120,2296810,2299732,0,0,0,1,0,0,0,0,0,0,0,0,0,0,0,1,0,1,0,0
20176104,그것만이 내 세상,20180117,3,3420199,536964,3,2,1206920,2286474,2956691,3287264,3420199,0,0,0,0,0,0,0,0,0,0,0,0,1,1,0,0,0,0,0,0
20178228,다키스트 아워,20180117,1,179406,148948,3,2,16426,20158,23155,25240,37520,0,0,0,0,0,0,0,0,1,0,0,0,0,1,0,0,0,0,0,0
20168161,1급기밀,20180124,3,123389,683966,1,2,200090,216751,218145,218353,218795,3,0,0,0,0,0,0,0,0,0,0,0,0,1,0,0,0,0,0,0
20177473,비밥바룰라,20180124,3,47918,47040,2,2,41785,43647,44566,45191,47918,3,0,0,0,0,0,0,0,0,0,0,0,1,0,0,0,0,0,0,0
20178230,커뮤터,20180124,2,275345,662701,3,3,264304,281925,283322,283714,286062,3,0,0,1,0,0,0,0,0,0,0,0,0,0,0,0,0,0,0,0
20178395,12 솔져스,20180131,2,223740,88758,1,3,165858,216198,222191,222537,223740,3,0,0,1,0,0,0,0,1,0,0,0,0,1,0,0,0,0,0,0
20178469,올 더 머니,20180201,2,393588,213596,2,3,51098,64923,68316,69506,70310,3,0,0,0,0,0,1,1,0,0,0,0,0,1,0,1,0,0,0,0
20189901,더 포리너,20180207,1,251813,280322,1,3,38533,38971,39232,40405,41574,3,0,0,1,0,0,0,0,0,0,0,0,0,0,0,1,0,0,0,0
20179205,조선명탐정: 흡혈괴마의 비밀,20180208,3,2975625,775183,2,2,1362268,2239891,2436078,2443038,2444136,3,0,0,0,0,0,0,0,0,0,1,0,1,0,0,0,0,0,0,1
20178672,패딩턴 2,20180208,1,339014,161672,2,1,176792,255832,320132,333067,339014,3,0,0,0,0,0,0,0,0,0,0,0,1,1,0,0,0,0,0,0
20170561,블랙 팬서,20180214,2,1354503,1346264,2,2,3660109,4789420,5258930,5357312,5399327,0,0,0,1,0,0,0,0,0,0,0,0,0,1,0,0,0,1,0,0
20168250,골든슬럼버,20180214,3,280389,347860,3,3,1135880,1373457,1384123,1385527,1387508,0,0,0,0,0,0,1,0,0,0,0,0,0,1,0,0,0,0,0,0
20180542,50가지 그림자: 해방,20180221,2,137037,95505,3,4,155196,200435,212109,215177,217785,0,0,1,0,0,0,0,0,0,0,0,0,0,1,0,1,0,0,0,0
20173436,셰이프 오브 워터: 사랑의 모양,20180222,2,291707,98317,3,4,265410,373586,452615,486971,507412,0,0,0,0,0,0,0,0,0,0,1,0,0,0,0,0,1,0,0,0
20177946,월요일이 사라졌다,20180222,2,586352,192875,1,3,574831,819141,886521,901878,903213,0,0,0,1,0,0,1,0,0,0,1,0,0,0,0,0,0,0,0,0
20170841,리틀 포레스트,20180228,3,815279,461075,3,1,825331,1206662,1395790,1485529,1507596,0,0,0,0,0,0,0,0,0,0,0,0,0,1,0,0,0,0,0,0
20150969,궁합,20180228,3,1340149,1258254,3,2,1078050,1304717,1335017,1338964,1340117,0,0,0,0,0,0,0,0,0,0,0,0,1,1,0,0,0,0,0,0
20189861,더 포스트,20180228,2,752415,391194,2,2,94371,117422,128034,133584,140473,0,0,0,0,0,0,0,0,0,0,0,0,0,1,0,1,0,0,0,0
20189663,게이트,20180228,3,122666,166012,1,3,88847,98898,100357,100974,101381,0,0,0,0,0,0,1,0,0,0,0,0,1,0,0,0,0,0,0,0
20179731,나미야 잡화점의 기적,20180228,1,1222,1445,2,1,173513,188846,191285,191950,192878,0,0,0,0,0,0,0,0,0,0,0,0,0,1,0,0,1,0,0,0
20178781,사라진 밤,20180307,3,1315735,459415,2,3,817775,1179632,1310959,1315231,1315726,0,0,0,0,0,0,0,0,0,0,0,0,0,0,0,1,0,0,0,0
20176070,플로리다 프로젝트,20180307,2,33477,57713,1,3,50720,67981,79689,85850,95467,0,0,0,0,0,0,0,0,0,0,0,0,0,1,0,0,0,0,0,0
20170669,지금 만나러 갑니다,20180314,3,177955,1466150,3,2,1163246,2027893,2403593,2560620,2602273,0,0,1,0,0,0,0,0,0,0,0,0,0,0,0,0,0,0,0,0
20180302,허리케인 하이스트,20180314,2,799225,73773,3,3,190639,213449,214010,214255,214949,0,0,0,1,0,0,1,0,0,0,0,0,0,0,0,0,0,0,0,0
20178449,쓰리 빌보드,20180315,2,51914,33210,3,3,57856,84019,92000,94423,97480,0,0,0,0,0,0,1,0,0,0,0,0,1,1,0,0,0,0,0,0
20174603,퍼시픽 림: 업라이징,20180321,2,1077240,400852,3,3,970074,1068265,1075063,1076107,1077235,0,0,0,1,0,0,0,0,0,0,1,0,0,0,0,0,0,1,0,0
20173962,소공녀,20180322,3,59685,392256,2,3,34651,46702,52194,55097,59685,0,0,1,0,0,0,0,0,0,0,0,0,0,1,0,0,0,0,0,0
20181366,미니특공대X,20180322,3,89699,91820,1,1,57946,84993,96225,98558,100164,0,1,0,0,0,0,0,0,0,0,0,0,0,0,0,0,0,0,0,0
20178522,콜 미 바이 유어 네임,20180322,2,75864,120869,2,4,99300,141862,164110,174661,199589,0,0,1,0,0,0,0,0,0,0,0,0,0,1,0,0,0,0,0,0
20154908,7년의 밤,20180328,3,2729564,628593,3,3,483905,521564,524945,527796,528007,0,0,0,0,0,0,0,0,0,0,0,0,0,1,0,1,0,0,0,0
20171122,레디 플레이어 원,20180328,2,752415,116100,3,2,1192215,1851232,2112200,2243249,2254430,0,0,0,1,0,0,0,0,0,0,1,0,0,0,0,0,0,1,0,0
20180804,곤지암,20180328,3,813089,447071,2,3,1656508,2376836,2604270,2672474,2676427,0,0,0,0,0,0,0,0,0,0,0,0,0,0,0,1,0,0,1,0
20181621,막달라 마리아: 부활의 증인,20180328,1,67636,398852,3,2,21084,27654,29653,30269,30833,0,0,0,0,0,0,0,0,0,0,0,0,0,1,0,0,0,0,0,0
20178424,레이디 버드,20180404,2,481045,208657,3,3,65581,81617,90014,92921,102031,0,0,0,0,0,0,0,0,0,0,0,0,1,1,0,0,0,0,0,0
20153447,바람 바람 바람,20180405,3,6835112,567337,3,4,823783,1088277,1188334,1193889,1194229,0,0,0,0,0,0,0,0,0,0,0,0,1,0,0,0,0,0,0,0
20181561,덕구,20180405,3,316241,2188933,3,1,196120,268552,302396,307961,316241,0,0,0,0,0,0,0,0,0,0,0,0,0,1,0,0,0,0,0,0
20182021,번개맨과 신비의 섬,20180405,3,60561,27396,1,1,39037,54591,59094,60181,60561,0,0,0,0,1,1,0,0,0,0,0,0,0,0,0,0,0,0,0,0
20182922,문호 스트레이독스 [데드 애플],20180405,1,29740,4213,1,2,15362,19355,22133,24750,29740,0,1,0,1,0,0,0,0,0,0,0,0,0,0,0,0,1,0,0,0
20176917,램페이지,20180412,2,875509,385874,3,2,895658,1349578,1382256,1385238,1385511,2,0,0,1,0,0,0,0,0,0,0,0,0,0,0,0,0,0,0,0
20182352,"그날, 바다",20180412,3,229240,1642536,1,3,276590,438102,503421,529287,540647,2,0,0,0,0,0,0,0,0,1,0,0,0,0,0,0,0,0,0,0
20181788,콰이어트 플레이스,20180412,2,526073,195457,3,3,351730,490995,508878,519971,526073,2,0,0,0,0,0,0,0,0,0,0,0,0,1,0,1,0,0,1,0
20182221,스파키,20180412,3,17727,35436,1,1,28970,34205,35188,35239,35436,2,1,0,0,0,0,0,0,0,0,1,0,1,0,0,0,0,0,0,0
20177266,나를 기억해,20180419,3,141222,564343,2,4,135644,139274,140268,140303,141222,2,0,0,0,0,0,1,1,0,0,0,0,0,0,0,1,0,0,0,0
20181603,무문관,20180419,3,21808,0,1,1,8724,12401,15216,17113,21808,2,0,0,0,0,0,0,0,0,1,0,0,0,0,0,0,0,0,0,0
20182494,몬태나,20180419,2,11873,79734,2,3,26773,28205,28868,29245,29354,2,0,0,0,0,0,0,0,0,0,0,0,0,1,0,0,0,0,0,0
20177962,당신의 부탁,20180419,3,11984,345490,2,3,21820,25108,25532,25669,25920,2,0,0,0,0,0,0,0,0,0,0,0,0,1,0,0,0,0,0,0
20177478,어벤져스: 인피니티 워,20180425,2,5670276,346149,2,2,6254573,9249573,10344900,10891687,11212710,3,0,0,1,0,0,0,0,0,0,1,0,0,0,0,0,1,1,0,0
20182561,당갈,20180425,1,109980,52897,3,2,50770,68151,90801,100977,109980,3,0,0,1,0,0,0,0,0,0,0,0,0,1,0,0,0,0,0,0
20176101,클레어의 카메라,20180425,3,34114,545542,1,3,6570,8336,8864,9147,9439,3,0,0,0,0,0,0,0,0,0,0,0,0,1,0,0,0,0,0,0
20189783,챔피언,20180501,3,225815,242873,3,2,890944,1096163,1122429,1126826,1128774,1,0,0,0,0,0,0,0,0,0,0,0,0,1,0,0,0,0,0,0
20182385,매직빈,20180503,1,57009,60492,1,1,49380,54415,54629,55013,57004,1,1,0,0,0,0,0,0,0,0,0,0,0,0,0,0,0,0,0,0
20176067,"부르고뉴, 와인에서 찾은 인생",20180503,1,15967,73856,1,3,16780,31865,44253,48710,54186,1,0,0,0,0,0,0,0,0,0,0,0,0,1,0,0,0,0,0,0
20182989,커다랗고 커다랗고 커다란 배,20180503,1,110592,10309,1,1,67659,91344,93833,94427,95459,1,1,0,0,0,0,0,0,0,0,0,0,0,0,0,0,0,0,0,0
20182984,얼리맨,20180503,1,236904,395689,2,1,96648,117903,120142,120896,122359,1,1,0,0,0,0,0,0,0,0,0,0,0,0,0,0,0,0,0,0
20176069,원더스트럭,20180503,2,86914,96644,2,1,19722,24298,25777,26317,26921,1,0,0,0,0,0,0,0,0,0,0,0,0,1,0,0,0,0,0,0
20177005,레슬러,20180509,3,771159,720878,3,3,627730,755672,768124,769166,771141,2,0,0,0,0,0,0,0,0,0,0,0,1,1,0,0,0,0,0,0
20183083,중2병이라도 사랑이 하고 싶어! 테이크 온 미,20180510,1,24622,14864,2,2,16874,21910,24219,25828,26612,2,1,0,0,0,0,0,0,0,0,0,0,0,0,0,0,0,0,0,0
20183084,피터 래빗,20180516,2,234249,54935,2,1,233386,316658,375181,383676,388300,2,1,0,0,1,0,0,0,0,0,0,0,0,0,0,0,0,0,0,0
20182046,"안녕, 나의 소녀",20180516,1,111794,120022,1,2,75712,97867,109135,111037,111794,2,0,1,0,0,0,0,0,0,0,0,0,0,0,0,0,0,0,0,0
20176848,데드풀 2,20180516,2,71984,2442,3,4,2664302,3344388,3706224,3770874,3784602,2,0,0,1,0,0,0,0,0,0,1,0,1,0,0,0,0,1,0,0
20173202,버닝,20180517,3,393716,299762,2,4,399975,484119,516302,525432,528435,2,0,0,0,0,0,0,1,0,0,0,0,0,0,0,0,0,0,0,0
20183381,5.18 힌츠페터 스토리,20180517,3,10715,245900,1,2,9666,10123,10255,10296,10715,2,0,0,0,0,0,0,0,0,1,0,0,0,0,0,0,0,0,0,0
20179383,독전,20180522,3,1548164,296658,3,3,2107388,3804534,4619679,4860332,5063844,2,0,0,1,0,0,1,0,0,0,0,0,0,0,0,0,0,0,0,0
20183801,트루스 오어 데어,20180522,2,147637,200191,3,3,207840,302245,309899,310320,310956,2,0,0,0,0,0,0,0,0,0,0,0,0,0,0,1,0,0,1,0
20183384,서산개척단,20180524,3,3945,1051,1,2,4177,4798,5061,5206,5260,2,0,0,0,0,0,0,0,0,1,0,0,0,0,0,0,0,0,0,0
20184132,"세라비, 이것이 인생!",20180530,1,438210,1715,1,1,17365,20382,21639,22268,23193,2,0,0,0,0,0,0,0,0,0,0,0,1,0,0,0,0,0,0,0
20176053,"스탠바이, 웬디",20180530,2,29951,77906,2,1,39832,44802,46137,46462,47472,2,0,0,0,0,0,0,0,0,0,0,0,0,1,0,0,0,0,0,0
20180943,꼬마영웅 바비,20180530,1,18512,12538,2,1,17143,18070,18369,18485,18509,2,1,0,0,0,0,0,0,0,0,1,0,1,0,0,0,0,0,0,0
20185081,아이 필 프리티,20180606,2,241295,239065,1,3,147109,191903,222975,235078,241295,1,0,0,0,0,0,0,0,0,0,0,0,1,0,0,0,0,0,0,0
20179086,쥬라기 월드: 폴른 킹덤,20180606,2,1637372,871214,3,2,3999886,4901109,5395800,5621555,5661128,1,0,0,1,0,0,0,0,0,0,1,0,0,0,0,0,0,1,0,0
20135305,극장판 포켓몬스터DP - 디아루가 VS 펄기아 VS 다크라이,20180606,1,264829,37225,2,1,155048,174624,180421,182968,183421,1,1,0,0,0,0,0,0,0,0,0,0,0,0,0,0,0,0,0,0
20184261,벅스 프렌즈,20180606,1,36905,27705,1,1,30713,34602,36082,36609,36905,1,1,0,0,0,0,0,0,0,0,0,0,0,0,0,0,0,0,0,0
20184782,호비와 매직 아일랜드,20180606,1,12685,11787,1,1,11149,13486,15119,15865,16914,1,1,0,0,0,0,0,0,0,0,0,0,0,0,0,0,0,0,0,0
20184801,유전,20180607,2,118278,68207,2,3,130356,158493,172283,176345,178686,0,0,0,0,0,0,0,0,0,0,0,0,0,0,0,0,0,0,1,0
20184903,오션스8,20180613,2,489112,62395,3,2,757549,1163789,1316137,1331862,1335829,0,0,0,1,0,0,1,0,0,0,0,0,0,0,0,0,0,0,0,0
20178161,탐정: 리턴즈,20180613,3,1158948,534135,3,3,1304215,2342325,2948105,3098463,3152895,0,0,0,0,0,0,1,0,0,0,0,0,1,0,0,0,0,0,0,0
20184512,토니스토리2: 고철왕국의 친구들,20180613,1,19213,9206,2,1,13479,15292,15881,16395,16685,0,1,0,0,0,0,0,0,0,0,1,0,1,0,0,0,0,0,0,0
20184699,바르다가 사랑한 얼굴들,20180614,1,834050,28880,1,1,9285,15017,19720,22541,31361,0,0,0,0,0,0,0,0,0,1,0,0,0,0,0,0,0,0,0,0
20184762,류이치 사카모토: 코다,20180614,1,14331,1355709,1,1,7549,10209,11596,12428,14331,0,0,0,0,0,0,0,0,0,1,0,0,0,0,0,0,0,0,0,0
20184689,아일라,20180621,1,43742,32806,1,3,34014,39404,41546,42355,43742,0,0,0,0,0,0,0,0,1,0,0,0,0,1,0,0,0,0,0,0
20184845,미드나잇 선,20180621,2,427268,122572,2,2,125069,196098,239142,279589,326086,0,0,1,0,0,0,0,0,0,0,0,0,0,0,0,0,0,0,0,0
20182001,개들의 섬,20180621,2,185616,25554,3,2,20446,27527,30403,31726,33229,0,1,0,0,0,0,0,0,0,1,0,0,1,0,0,0,0,0,0,0
20185341,마녀,20180627,3,2210839,920844,3,3,1272257,2028560,2632397,3115541,3189091,0,0,0,1,0,0,0,1,0,0,0,0,0,0,0,0,0,0,0,0
20172469,허스토리,20180627,3,877180,1207707,3,2,246998,297509,317714,327541,337424,0,0,0,0,0,0,0,0,0,0,0,0,0,1,0,0,0,0,0,0
20185001,빅샤크: 매직체인지,20180627,1,96194,10132,2,1,67024,102692,127628,135274,138764,0,1,0,0,0,0,0,0,0,0,0,0,0,0,0,0,0,0,0,0
20184721,시카리오: 데이 오브 솔다도,20180627,2,117175,122692,1,3,183750,217370,226212,227942,229542,0,0,0,1,0,0,1,0,0,0,0,0,0,1,0,0,0,0,0,0
20180522,앤트맨과 와스프,20180704,2,3129240,2875953,2,2,3186536,4644036,5334244,5439554,5448134,0,0,0,1,0,0,0,0,0,0,1,0,0,0,0,0,0,1,0,0
20174369,변산,20180704,3,2591738,707809,3,3,358686,464827,486330,489276,490519,0,0,0,0,0,0,0,0,0,0,0,0,0,1,0,0,0,0,0,0
20181443,스카이스크래퍼,20180711,2,505379,1284450,3,2,757775,997078,1001092,1001505,1002858,0,0,0,1,0,0,0,0,0,0,0,0,0,0,0,1,0,0,0,0
20182564,"오늘 밤, 로맨스 극장에서",20180711,1,39650,25363,1,1,29535,35161,35568,35606,35732,0,0,1,0,0,0,0,0,0,0,0,0,0,0,0,0,1,0,0,0
20175221,킬링 디어,20180712,2,71395,69431,1,4,31297,48015,55144,57744,60520,0,0,0,0,0,0,0,0,0,0,0,0,0,0,0,1,0,0,0,0
20183361,인크레더블 2,20180718,2,2344823,335029,2,1,1687419,2616266,2969266,3011797,3033105,0,1,0,1,1,0,0,0,0,0,1,0,1,0,0,0,0,0,0,0
20186282,이별의 아침에 약속의 꽃을 장식하자,20180719,1,37764,50204,1,2,32031,36493,37203,37467,37769,1,1,0,0,0,0,0,0,0,0,0,0,0,1,0,0,1,0,0,0
20186001,신은 죽지 않았다 3: 어둠 속의 빛,20180719,2,92806,34815,1,2,55994,68379,72999,75951,92806,1,0,0,0,0,0,0,0,0,0,0,0,0,1,0,0,0,0,0,0
20181181,미션 임파서블: 폴아웃,20180725,2,4441243,1856542,1,3,4394473,5852364,6309612,6472197,6584915,1,0,0,1,0,0,0,0,0,0,0,0,0,0,0,1,0,0,0,0
20185242,신비아파트: 금빛 도깨비와 비밀의 동굴,20180725,3,678091,119516,3,1,484967,654992,673464,677024,678091,1,1,0,0,0,0,0,0,0,0,1,0,0,0,0,0,1,0,0,0
20170942,인랑,20180725,3,1921349,743809,3,3,869157,895153,896420,897483,899029,1,0,0,1,0,0,0,0,0,0,0,0,0,0,0,0,0,1,0,0
20186121,어느 가족,20180726,1,91349,34275,1,3,68148,110702,135621,149873,174424,1,0,0,0,0,0,0,0,0,0,0,0,0,1,0,0,0,0,0,0
20186202,신과함께-인과 연,20180801,3,5803852,571203,1,2,7734966,10538870,11543116,11990430,12276350,1,0,0,0,0,0,0,0,0,0,0,0,0,1,0,0,1,0,0,0
20186501,극장판 헬로카봇 : 백악기 시대,20180801,3,434807,237196,3,1,711423,824175,858423,868453,879682,1,1,0,0,0,0,0,0,0,0,0,0,0,0,0,0,0,0,0,0
20179044,더 스퀘어,20180802,1,11642,53016,1,3,9226,13217,14840,15643,16915,1,0,0,0,0,0,0,0,0,0,0,0,1,0,0,0,0,0,0,0
20181942,맘마미아!2,20180808,2,1183754,260403,3,2,1218135,1732060,2047499,2195682,2294087,1,0,0,0,0,1,0,0,0,0,0,0,0,0,0,0,0,0,0,0
20179101,공작,20180808,3,3040353,1191384,3,2,3099344,4290465,4771482,4910341,4975517,1,0,0,0,0,0,0,0,0,0,0,0,0,1,0,0,0,0,0,0
20184802,몬스터 호텔 3,20180808,2,1219323,345105,2,1,731191,947087,1031411,1058098,1072220,1,1,0,0,1,0,0,0,0,0,0,0,1,0,0,0,1,0,0,0
20187427,명탐정 코난 : 제로의 집행인,20180808,1,419998,168527,3,2,343488,386081,394410,395852,419998,1,1,0,0,0,0,0,0,0,0,0,0,0,0,0,0,0,0,0,0
20183584,메가로돈,20180815,2,618956,2670,3,2,469426,524391,527036,527331,527962,0,0,0,1,0,0,0,0,0,0,0,0,0,0,0,0,0,1,1,0
20170670,목격자,20180815,3,221536,264481,3,3,1696718,2327346,2483483,2520845,2524720,0,0,0,0,0,0,0,0,0,0,0,0,0,0,0,1,0,0,0,0
20187641,극장판 도라에몽: 진구의 보물섬,20180815,1,183220,66350,2,1,153993,177354,180305,182063,183220,0,1,0,0,0,0,0,0,0,0,1,0,0,0,0,0,0,1,0,0
20187647,나를 차버린 스파이,20180822,2,264766,203135,1,3,199447,246495,260925,264752,264766,0,0,0,1,0,0,0,0,0,0,0,0,1,0,0,0,0,0,0,0
20153446,너의 결혼식,20180822,3,2820685,1170006,3,2,1282312,2149907,2607570,2807586,2820969,0,0,1,0,0,0,0,0,0,0,0,0,0,0,0,0,0,0,0,0
20185046,서치,20180829,2,2950097,1009398,2,2,865844,1951031,2635240,2850155,2950097,4,0,0,0,0,0,0,0,0,0,0,0,0,1,0,0,0,0,0,0
20177537,상류사회,20180829,3,745893,981656,1,4,611671,743264,765402,765757,768442,4,0,0,0,0,0,0,0,0,0,0,0,0,1,0,0,0,0,0,0
20189362,업그레이드,20180906,2,529444,387290,3,3,141053,187015,188432,189727,190387,5,0,0,1,0,0,0,0,0,0,0,0,0,0,0,0,0,0,0,0
20189261,어드리프트:우리가 함께한 바다,20180906,2,112942,163404,2,2,53602,57664,58084,58907,59039,5,0,1,0,0,0,0,0,0,0,0,0,0,1,0,0,0,0,0,0
20188446,양말요정 휴고의 대모험,20180906,1,25578,35733,2,1,21692,24914,25177,25486,25578,5,1,0,0,0,0,0,0,0,0,1,0,0,0,0,0,0,0,0,0
20156554,물괴,20180912,3,926119,503992,1,3,685491,714880,720721,720733,723622,6,0,0,1,0,0,0,0,0,0,0,0,0,0,0,0,0,0,0,1
20188581,더 프레데터,20180912,2,3065676,26561,3,4,168592,170426,170848,170878,170878,6,0,0,1,0,0,0,0,0,0,0,0,0,0,0,1,0,1,0,0
20188242,타샤 튜더,20180913,1,46235,46235,1,1,9399,19585,27961,34549,46235,6,0,0,0,0,0,0,0,0,1,0,0,0,0,0,0,0,0,0,0
20173734,죄 많은 소녀,20180913,3,24510,18946,2,3,11433,16815,19615,20368,22001,6,0,0,0,0,0,0,1,0,0,0,0,0,1,0,0,0,0,0,0
20189262,더 넌,20180919,2,1011580,322865,3,3,820696,997118,1010638,1011281,1011580,3,0,0,0,0,0,0,0,0,0,0,0,0,0,0,0,0,0,1,0
20177308,협상,20180919,3,1009086,1462492,3,3,1312746,1880917,1948885,1958986,1967721,3,0,0,0,0,0,1,0,0,0,0,0,0,0,0,0,0,0,0,0
20172204,명당,20180919,3,1593728,258159,3,2,1675790,2041457,2074113,2081460,2087474,3,0,0,0,0,0,0,0,0,0,0,0,0,0,0,0,0,0,0,1
20176122,안시성,20180919,3,2450359,1070792,3,2,3553140,4866007,5268968,5382611,5441020,3,0,0,1,0,0,0,0,0,0,0,0,0,0,0,0,0,0,0,1
20189746,극장판 뽀잉: 슈퍼 변신의 비밀,20180920,3,41054,47787,1,1,30232,36491,37642,38467,41054,2,1,0,0,0,0,0,0,0,0,0,0,0,0,0,0,0,0,0,0
20185222,체실 비치에서,20180920,1,30421,109617,1,3,17153,25616,28952,29906,30421,2,0,1,0,0,0,0,0,0,0,0,0,0,1,0,0,0,0,0,0
20180167,에그엔젤 코코밍: 두근두근 핼러윈 파티,20180922,1,137052,0,1,1,39114,43890,45856,46298,46386,2,1,0,0,0,0,0,0,0,0,0,0,0,0,0,0,0,0,0,0
20167903,원더풀 고스트,20180926,3,290581,389665,1,2,424891,444179,447483,449146,450378,2,0,0,0,0,0,1,0,0,0,0,0,1,1,0,0,0,0,0,0
20189743,파이널 포트레이트,20180927,1,8491,35705,2,3,12374,15445,16436,16886,16954,1,0,0,0,0,0,0,0,0,0,0,0,0,1,0,0,0,0,0,0
20179189,암수살인,20181003,3,1906211,2842859,2,3,2194824,3033916,3511368,3755885,3789553,0,0,0,0,0,0,1,0,0,0,0,0,0,1,0,0,0,0,0,0
20177221,베놈,20181003,2,1387287,672039,2,3,2687623,3397281,3742645,3876225,3888096,0,0,0,1,0,0,0,0,0,0,0,0,0,0,0,1,0,1,0,0
20189123,곰돌이 푸 다시 만나 행복해,20181003,2,1027629,143334,2,1,324718,417738,470715,488962,492201,0,0,0,0,0,0,0,0,0,0,1,0,0,0,0,0,0,0,0,0
20189462,셜록 놈즈,20181003,2,2037925,17192,1,1,76930,84346,88161,89933,91036,0,1,0,0,0,0,0,0,0,0,0,0,1,0,0,0,0,0,0,0
20180523,스타 이즈 본,20181009,2,526239,227333,3,3,185177,288324,389696,434533,526100,0,0,1,0,0,0,0,0,0,0,0,0,0,1,0,0,0,0,0,0
20189331,리즈와 파랑새,20181009,1,76780,11782,1,1,16451,18367,18839,20278,21210,0,1,0,0,0,0,0,0,0,0,0,0,0,0,0,0,0,0,0,0
20180770,다이노 어드벤처2: 육해공 공룡 대백과,20181009,1,43627,0,2,1,35661,42138,43249,43500,43627,0,1,0,1,1,0,0,0,0,0,0,0,0,0,0,0,0,0,0,0
20189067,미쓰백,20181011,3,454667,839759,1,3,308844,543667,690556,717265,723110,0,0,0,0,0,0,0,0,0,0,0,0,0,1,0,0,0,0,0,0
20186321,퍼스트맨,20181018,2,1869774,196237,3,2,535840,655743,662576,663830,665984,0,0,0,0,0,0,0,0,0,0,0,0,0,1,0,0,0,1,0,0
20174981,창궐,20181025,3,3201155,1656008,3,3,1348715,1566695,1595886,1598319,1599621,0,0,0,1,0,0,0,0,0,0,0,0,0,0,0,0,0,0,0,1
20182403,크레이지 리치 아시안,20181025,2,1365366,159136,3,2,138506,151254,153674,154041,154297,0,0,1,0,0,0,0,0,0,0,0,0,1,0,0,0,0,0,0,0
20177538,완벽한 타인,20181031,3,3048018,514389,1,3,2206353,3737433,4572118,5005211,5294154,0,0,0,0,0,0,0,0,0,0,0,0,1,1,0,0,0,0,0,0
20181171,바울,20181031,2,273339,207503,1,3,64088,129485,176984,212860,273346,0,0,0,0,0,0,0,0,0,0,0,0,0,1,0,0,0,0,0,0
20185485,보헤미안 랩소디,20181031,2,2814240,2477215,3,2,964373,2190735,3557360,5115145,9948386,0,0,0,0,0,0,0,0,0,0,0,0,0,1,0,0,0,0,0,0
20181404,벽 속에 숨은 마법시계,20181031,2,45404,210959,2,1,188357,214139,214588,214896,215029,0,0,0,0,0,0,0,1,0,0,0,0,0,0,0,1,1,1,1,0
20180987,할로윈,20181031,2,33271,41959,3,4,101891,107467,107651,108000,108780,0,0,0,0,0,0,0,0,0,0,0,0,0,0,0,0,0,0,1,0
20181879,나츠메 우인장: 세상과 연을 맺다,20181031,1,35184,21123,1,1,27612,38226,43694,45708,47014,0,1,0,0,0,0,0,0,0,0,0,0,0,0,0,0,0,0,0,0
20189281,폴란드로 간 아이들,20181031,3,25543,55618,1,1,31562,37536,40826,43229,51078,0,0,0,0,0,0,0,0,0,1,0,0,0,1,0,0,0,0,0,0
20181367,캡틴 스터비,20181101,2,24788,152013,1,1,19442,23335,24091,24740,24788,0,1,0,0,1,0,0,0,1,0,1,0,0,0,0,0,0,0,0,0
20182693,구스범스: 몬스터의 역습,20181107,2,13833,216588,2,2,22901,24735,24922,25857,25857,0,0,0,0,0,0,0,0,0,0,1,0,0,0,0,0,1,0,0,0
20183063,박물관이 진짜 살아있다,20181108,1,21805,0,2,1,22532,26300,27271,27921,28064,0,1,0,0,0,0,0,0,0,0,1,0,1,0,0,0,0,0,0,0
20176814,신비한 동물들과 그린델왈드의 범죄,20181114,2,2801471,195625,3,2,1756170,2258557,2384642,2408516,2414195,0,0,0,0,0,0,0,0,0,0,0,0,0,0,0,0,1,0,0,0
20182935,출국,20181114,3,81880,1083363,1,3,58835,75668,79713,80891,81880,0,0,0,0,0,0,0,0,0,0,0,0,0,1,0,0,0,0,0,0
20189869,해피 투게더,20181115,3,27046,92464,1,2,21596,24605,26021,26759,27046,0,0,0,0,0,0,0,0,0,0,0,0,1,1,0,0,0,0,0,0
20184481,성난황소,20181122,3,1593386,576149,2,3,1227499,1531229,1583781,1593180,1593386,0,0,0,1,0,0,1,0,0,0,0,0,0,0,0,0,0,0,0,0
20183073,베일리 어게인,20181122,2,76180,1036884,1,1,62140,85567,91825,93427,93801,0,0,0,0,0,0,0,0,0,0,1,0,1,1,0,0,0,0,0,0
20184514,꼬마비행기 피티와 친구들:사막구출 대작전,20181122,1,18202,10282,2,1,11216,12672,13534,13710,13710,0,1,0,0,0,0,0,0,0,0,0,0,0,0,0,0,0,0,0,0
20182669,툴리,20181122,1,52711,525324,1,3,29992,35427,36501,36718,37385,0,0,0,0,0,0,0,0,0,0,0,0,0,1,0,0,0,0,0,0
20177552,국가부도의 날,20181128,3,2715622,969696,3,2,1984190,2983724,3676170,3740044,3755233,1,0,0,0,0,0,0,0,0,0,0,0,0,1,0,0,0,0,0,0
20183007,거미줄에 걸린 소녀,20181128,2,517912,182220,2,3,31187,32124,32327,32418,32418,1,0,0,1,0,0,1,0,0,0,0,0,0,0,0,1,0,0,0,0
20178825,모털 엔진,20181205,2,268921,25061,3,2,241039,267272,267896,268196,268921,1,0,0,1,0,0,0,0,0,0,1,0,0,0,0,0,0,1,0,0
20183745,런닝맨 : 풀룰루의 역습,20181205,3,187777,26425,3,1,131103,183748,186835,186922,187777,1,1,0,0,0,0,0,0,0,0,0,0,0,0,0,0,0,0,0,0
20179230,도어락,20181205,3,568772,959425,3,3,1035521,1519163,1556445,1560080,1561258,1,0,0,0,0,0,0,0,0,0,0,0,0,1,0,1,0,0,0,0
20189843,호두까기 인형과 4개의 왕국,20181206,2,157353,229877,2,1,303562,444191,501743,517122,518272,1,0,0,0,0,0,0,0,0,0,0,0,0,1,0,0,1,0,0,0
20183288,헌터 킬러,20181206,2,57032,401950,2,3,45765,55644,56394,56587,57032,1,0,0,1,0,0,0,0,0,0,0,0,0,0,0,1,0,0,0,0
20183238,스파이더맨: 뉴 유니버스,20181212,2,407935,80907,2,2,469846,588725,659110,686441,723450,1,1,0,1,1,0,0,0,0,0,0,0,0,0,0,0,0,0,0,0
20181764,모어 댄 블루,20181212,1,27287,22807,1,2,26262,26905,27177,27287,27287,1,0,1,0,0,0,0,0,0,0,0,0,0,1,0,0,0,0,0,0
20182082,부탁 하나만 들어줘,20181212,2,143395,69574,2,4,106592,111516,116345,118381,119016,1,0,0,0,0,0,0,1,0,0,0,0,0,0,0,1,0,0,0,0
20175547,스윙키즈,20181219,3,5268741,318181,3,2,974206,1348088,1453102,1466284,1473125,0,0,0,0,0,0,0,0,0,0,0,0,0,1,0,0,0,0,0,0
20168773,마약왕,20181219,3,2184534,1067008,2,4,1662544,1839636,1862343,1863512,1864076,0,0,0,0,0,0,1,0,0,0,0,0,0,1,0,0,0,0,0,0
20180290,아쿠아맨,20181219,2,1442748,271613,3,2,2269150,3981052,4705125,4976605,5040430,0,0,0,1,0,0,0,0,0,0,0,0,0,0,0,0,0,0,0,0
20182421,그린치,20181219,2,552970,1007640,3,1,366873,528415,548287,550890,552970,0,1,0,0,0,0,0,0,0,0,0,0,1,0,0,0,0,0,0,0
20183479,극장판 짱구는 못말려: 아뵤! 쿵후 보이즈 ~라면 대란~,20181219,1,170701,73122,3,1,197717,316992,347426,352714,353012,0,1,0,0,0,0,0,0,0,0,0,0,0,0,0,0,0,0,0,0
20183375,극장판 포켓몬스터 모두의 이야기,20181219,1,194692,171955,2,1,140595,182238,188209,194659,194692,0,1,0,0,0,0,0,0,0,0,0,0,0,0,0,0,0,0,0,0
20186281,범블비,20181225,2,796084,308035,1,2,1299768,1522691,1558872,1560600,1561643,0,0,0,1,0,0,0,0,0,0,1,0,0,0,0,0,0,1,0,0
20183785,점박이 한반도의 공룡2 : 새로운 낙원,20181225,3,800928,711421,3,1,435886,532511,547515,548781,550147,0,1,0,0,0,0,0,0,0,0,0,0,0,0,0,0,0,0,0,0
20170658,PMC: 더 벙커,20181226,3,2418736,1641729,3,3,1424190,1648387,1668722,1669747,1671548,0,0,0,1,0,0,0,0,0,0,0,0,0,0,0,0,0,0,0,0
