movieCd,movieNm,w1,w2,w3,w4
20157042,셜록: 유령신부,2016-01-09,2016-01-16,2016-01-23,2016-01-30
20153087,포인트 브레이크,2016-01-14,2016-01-21,2016-01-28,2016-02-04
20150024,짱구는 못말려 극장판: 나의 이사 이야기 선인장 대습격,2016-01-14,2016-01-21,2016-01-28,2016-02-04
20155422,굿 다이노,2016-01-14,2016-01-21,2016-01-28,2016-02-04
20142641,나를 잊지 말아요,2016-01-14,2016-01-21,2016-01-28,2016-02-04
20158882,유스,2016-01-14,2016-01-21,2016-01-28,2016-02-04
20159510,헤이트풀8,2016-01-14,2016-01-21,2016-01-28,2016-02-04
20152370,잡아야 산다,2016-01-14,2016-01-21,2016-01-28,2016-02-04
20154001,레버넌트: 죽음에서 돌아온 자,2016-01-21,2016-01-28,2016-02-04,2016-02-11
20157158,구스범스,2016-01-21,2016-01-28,2016-02-04,2016-02-11
20068576,그날의 분위기,2016-01-21,2016-01-28,2016-02-04,2016-02-11
20158483,오빠생각,2016-01-28,2016-02-04,2016-02-11,2016-02-18
20150566,극장판 꼬마버스 타요의 에이스 구출작전,2016-01-28,2016-02-04,2016-02-11,2016-02-18
20159199,빅쇼트,2016-01-28,2016-02-04,2016-02-11,2016-02-18
20150461,스티브 잡스,2016-01-28,2016-02-04,2016-02-11,2016-02-18
20157466,"로봇, 소리",2016-02-03,2016-02-10,2016-02-17,2016-02-24
20151803,쿵푸팬더3,2016-02-04,2016-02-11,2016-02-18,2016-02-25
20159445,세기의 매치,2016-02-04,2016-02-11,2016-02-18,2016-02-25
20145507,검사외전,2016-02-10,2016-02-17,2016-02-24,2016-03-02
20159657,최강전사 미니특공대: 영웅의 탄생,2016-02-11,2016-02-18,2016-02-25,2016-03-03
20150942,캐롤,2016-02-11,2016-02-18,2016-02-25,2016-03-03
20159059,앨빈과 슈퍼밴드: 악동 어드벤처,2016-02-11,2016-02-18,2016-02-25,2016-03-03
20156080,나쁜놈은 죽는다,2016-02-11,2016-02-18,2016-02-25,2016-03-03
20150456,드레스메이커,2016-02-18,2016-02-25,2016-03-03,2016-03-10
20150725,극장판 아이엠스타 : 꿈의 오디션!,2016-02-18,2016-02-25,2016-03-03,2016-03-10
20150903,번개맨,2016-02-18,2016-02-25,2016-03-03,2016-03-10
20155501,주토피아,2016-02-24,2016-03-02,2016-03-09,2016-03-16
20150977,좋아해줘,2016-02-24,2016-03-02,2016-03-09,2016-03-16
20153781,데드풀,2016-02-24,2016-03-02,2016-03-09,2016-03-16
20158482,동주,2016-02-24,2016-03-02,2016-03-09,2016-03-16
20155020,대니쉬 걸,2016-02-24,2016-03-02,2016-03-09,2016-03-16
20151111,빌리와 용감한 녀석들: 치킨 히어로,2016-02-24,2016-03-02,2016-03-09,2016-03-16
20150565,스포트라이트,2016-03-02,2016-03-09,2016-03-16,2016-03-23
20161364,귀향,2016-03-02,2016-03-09,2016-03-16,2016-03-23
20151021,순정,2016-03-02,2016-03-09,2016-03-16,2016-03-23
20161382,레터스 투 갓,2016-03-03,2016-03-10,2016-03-17,2016-03-24
20161745,제 5침공,2016-03-03,2016-03-10,2016-03-17,2016-03-24
20145502,남과 여,2016-03-03,2016-03-10,2016-03-17,2016-03-24
20161630,13시간,2016-03-10,2016-03-17,2016-03-24,2016-03-31
20156063,룸,2016-03-10,2016-03-17,2016-03-24,2016-03-31
20159162,갓 오브 이집트,2016-03-10,2016-03-17,2016-03-24,2016-03-31
20145396,널 기다리며,2016-03-17,2016-03-24,2016-03-31,2016-04-07
20151884,런던 해즈 폴른,2016-03-17,2016-03-24,2016-03-31,2016-04-07
20161781,엽문3: 최후의 대결,2016-03-17,2016-03-24,2016-03-31,2016-04-07
20158529,조이,2016-03-17,2016-03-24,2016-03-31,2016-04-07
20162381,일사각오,2016-03-24,2016-03-31,2016-04-07,2016-04-14
20161881,부활,2016-03-24,2016-03-31,2016-04-07,2016-04-14
20161583,스푹스:MI5,2016-03-24,2016-03-31,2016-04-07,2016-04-14
20161968,오 마이 그랜파,2016-03-24,2016-03-31,2016-04-07,2016-04-14
20152781,배트맨 대 슈퍼맨: 저스티스의 시작,2016-03-31,2016-04-07,2016-04-14,2016-04-21
20159643,글로리데이,2016-03-31,2016-04-07,2016-04-14,2016-04-21
20161921,"헤일, 시저!",2016-03-31,2016-04-07,2016-04-14,2016-04-21
20150902,대배우,2016-04-06,2016-04-13,2016-04-20,2016-04-27
20161905,나의 그리스식 웨딩 2,2016-04-06,2016-04-13,2016-04-20,2016-04-27
20162001,포레스트: 죽음의 숲,2016-04-06,2016-04-13,2016-04-20,2016-04-27
20161594,마음이 외치고 싶어해,2016-04-06,2016-04-13,2016-04-20,2016-04-27
20162161,미스컨덕트,2016-04-06,2016-04-13,2016-04-20,2016-04-27
20152782,"날, 보러와요",2016-04-14,2016-04-21,2016-04-28,2016-05-05
20162065,클로버필드 10번지,2016-04-14,2016-04-21,2016-04-28,2016-05-05
20161964,독수리 에디,2016-04-14,2016-04-21,2016-04-28,2016-05-05
20162245,33,2016-04-14,2016-04-21,2016-04-28,2016-05-05
20161870,트럼보,2016-04-14,2016-04-21,2016-04-28,2016-05-05
20150470,라스트 홈,2016-04-14,2016-04-21,2016-04-28,2016-05-05
20145506,해어화,2016-04-20,2016-04-27,2016-05-04,2016-05-11
20142621,시간이탈자,2016-04-20,2016-04-27,2016-05-04,2016-05-11
20158984,헌츠맨: 윈터스 워,2016-04-20,2016-04-27,2016-05-04,2016-05-11
20162431,극장판 프랭키와 친구들: 생명의 나무,2016-04-20,2016-04-27,2016-05-04,2016-05-11
20145182,4등,2016-04-20,2016-04-27,2016-05-04,2016-05-11
20162321,트리플 9,2016-04-27,2016-05-04,2016-05-11,2016-05-18
20162206,브루클린,2016-04-28,2016-05-05,2016-05-12,2016-05-19
20162621,파라노말 액티비티: 더 고스트 디멘션,2016-04-28,2016-05-05,2016-05-12,2016-05-19
20159641,위대한 소원,2016-04-28,2016-05-05,2016-05-12,2016-05-19
20159364,캡틴 아메리카: 시빌 워,2016-05-04,2016-05-11,2016-05-18,2016-05-25
20161842,태양 아래,2016-05-04,2016-05-11,2016-05-18,2016-05-25
20162299,시크릿 인 데어 아이즈,2016-05-04,2016-05-11,2016-05-18,2016-05-25
20142406,탐정 홍길동: 사라진 마을,2016-05-11,2016-05-18,2016-05-25,2016-06-01
20162300,매직브러시,2016-05-11,2016-05-18,2016-05-25,2016-06-01
20162542,다이노소어 어드벤처 : 백악기 공룡대백과,2016-05-11,2016-05-18,2016-05-25,2016-06-01
20162704,극장판 안녕 자두야,2016-05-11,2016-05-18,2016-05-25,2016-06-01
20162461,다이노X 탐험대,2016-05-11,2016-05-18,2016-05-25,2016-06-01
20158888,45년 후,2016-05-12,2016-05-19,2016-05-26,2016-06-02
20163137,나의 소녀시대,2016-05-19,2016-05-26,2016-06-02,2016-06-09
20140194,곡성,2016-05-19,2016-05-26,2016-06-02,2016-06-09
20143509,엽기적인 그녀 2,2016-05-19,2016-05-26,2016-06-02,2016-06-09
20162627,다이버전트 시리즈: 얼리전트,2016-05-19,2016-05-26,2016-06-02,2016-06-09
20156559,계춘할망,2016-05-26,2016-06-02,2016-06-09,2016-06-16
20163018,싱 스트리트,2016-05-26,2016-06-02,2016-06-09,2016-06-16
20156207,앵그리버드 더 무비,2016-05-26,2016-06-02,2016-06-09,2016-06-16
20163182,하드코어 헨리,2016-05-26,2016-06-02,2016-06-09,2016-06-16
20163322,동급생,2016-05-26,2016-06-02,2016-06-09,2016-06-16
20163441,몽키킹2: 서유기 여정의 시작,2016-05-26,2016-06-02,2016-06-09,2016-06-16
20150523,엑스맨: 아포칼립스,2016-06-01,2016-06-08,2016-06-15,2016-06-22
20162569,오베라는 남자,2016-06-01,2016-06-08,2016-06-15,2016-06-22
20153182,썸니아,2016-06-01,2016-06-08,2016-06-15,2016-06-22
20144444,아가씨,2016-06-08,2016-06-15,2016-06-22,2016-06-29
20163215,미 비포 유,2016-06-08,2016-06-15,2016-06-22,2016-06-29
20158242,무서운 이야기 3 : 화성에서 온 소녀,2016-06-08,2016-06-15,2016-06-22,2016-06-29
20162925,더 보이,2016-06-08,2016-06-15,2016-06-22,2016-06-29
20163201,바다 탐험대 옥토넛 시즌4: 아슬아슬 구조대작전,2016-06-09,2016-06-16,2016-06-23,2016-06-30
20163841,플래그 더 문,2016-06-09,2016-06-16,2016-06-23,2016-06-30
20158150,워크래프트: 전쟁의 서막,2016-06-16,2016-06-23,2016-06-30,2016-07-07
20162941,컨저링 2,2016-06-16,2016-06-23,2016-06-30,2016-07-07
20162967,정글북,2016-06-16,2016-06-23,2016-06-30,2016-07-07
20163164,본 투 비 블루,2016-06-16,2016-06-23,2016-06-30,2016-07-07
20163981,극장판 유희왕 더 다크 사이드 오브 디멘션즈,2016-06-16,2016-06-23,2016-06-30,2016-07-07
20159645,특별수사: 사형수의 편지,2016-06-23,2016-06-30,2016-07-07,2016-07-14
20150385,닌자터틀 : 어둠의 히어로,2016-06-23,2016-06-30,2016-07-07,2016-07-14
19818004,불의 전차,2016-06-23,2016-06-30,2016-07-07,2016-07-14
20150782,인디펜던스 데이 : 리써전스,2016-06-29,2016-07-06,2016-07-13,2016-07-20
20163202,크리미널,2016-06-29,2016-07-06,2016-07-13,2016-07-20
20140704,비밀은 없다,2016-06-30,2016-07-07,2016-07-14,2016-07-21
20150972,굿바이 싱글,2016-07-06,2016-07-13,2016-07-20,2016-07-27
20154906,사냥,2016-07-06,2016-07-13,2016-07-20,2016-07-27
20163661,레전드 오브 타잔,2016-07-06,2016-07-13,2016-07-20,2016-07-27
20159058,도리를 찾아서,2016-07-13,2016-07-20,2016-07-27,2016-08-03
20159644,봉이 김선달,2016-07-13,2016-07-20,2016-07-27,2016-08-03
20163962,잔예 - 살아서는 안되는 방,2016-07-14,2016-07-21,2016-07-28,2016-08-04
20150203,나우 유 씨 미 2,2016-07-20,2016-07-27,2016-08-03,2016-08-10
20165201,언더 워터,2016-07-20,2016-07-27,2016-08-03,2016-08-10
20163961,데몰리션,2016-07-20,2016-07-27,2016-08-03,2016-08-10
20158982,트릭,2016-07-20,2016-07-27,2016-08-03,2016-08-10
20162572,더 웨이브,2016-07-20,2016-07-27,2016-08-03,2016-08-10
20165130,나의 산티아고,2016-07-21,2016-07-28,2016-08-04,2016-08-11
20156564,부산행,2016-07-27,2016-08-03,2016-08-10,2016-08-17
20161286,아이스 에이지: 지구 대충돌,2016-07-27,2016-08-03,2016-08-10,2016-08-17
20164521,극장판 요괴워치: 염라대왕과 5개의 이야기다냥!,2016-07-27,2016-08-03,2016-08-10,2016-08-17
20156250,인천상륙작전,2016-08-03,2016-08-10,2016-08-17,2016-08-24
20163189,태풍이 지나가고,2016-08-03,2016-08-10,2016-08-17,2016-08-24
20161907,제이슨 본,2016-08-03,2016-08-10,2016-08-17,2016-08-24
20165561,빅,2016-08-03,2016-08-10,2016-08-17,2016-08-24
20152963,수어사이드 스쿼드,2016-08-10,2016-08-17,2016-08-24,2016-08-31
20156082,마이펫의 이중생활,2016-08-10,2016-08-17,2016-08-24,2016-08-31
20150979,덕혜옹주,2016-08-10,2016-08-17,2016-08-24,2016-08-31
20162002,명탐정 코난: 순흑의 악몽,2016-08-10,2016-08-17,2016-08-24,2016-08-31
20150968,국가대표 2,2016-08-17,2016-08-24,2016-08-31,2016-09-07
20154910,터널,2016-08-17,2016-08-24,2016-08-31,2016-09-07
20165961,슈퍼 프렌즈,2016-08-17,2016-08-24,2016-08-31,2016-09-07
20165281,마이 리틀 자이언트,2016-08-17,2016-08-24,2016-08-31,2016-09-07
20167041,킹 오브 프리즘,2016-08-18,2016-08-25,2016-09-01,2016-09-08
20148460,서울역,2016-08-24,2016-08-31,2016-09-07,2016-09-14
20163043,갤럭시 히어로즈: 라쳇 앤 클랭크,2016-08-24,2016-08-31,2016-09-07,2016-09-14
20150567,스타트렉 비욘드,2016-08-24,2016-08-31,2016-09-07,2016-09-14
20165981,파워배틀 와치카 미니카 배틀리그: 불꽃의 질주,2016-08-24,2016-08-31,2016-09-07,2016-09-14
20163217,라이트 아웃,2016-08-31,2016-09-07,2016-09-14,2016-09-21
20166901,플로렌스,2016-08-31,2016-09-07,2016-09-14,2016-09-21
20162404,고스트버스터즈,2016-09-01,2016-09-08,2016-09-15,2016-09-22
20150901,올레,2016-09-01,2016-09-08,2016-09-15,2016-09-22
20167261,메카닉: 리크루트,2016-09-07,2016-09-14,2016-09-21,2016-09-28
20168182,머니 몬스터,2016-09-07,2016-09-14,2016-09-21,2016-09-28
20167563,이퀄스,2016-09-07,2016-09-14,2016-09-21,2016-09-28
20162968,거울나라의 앨리스,2016-09-14,2016-09-21,2016-09-28,2016-10-05
20159648,"고산자, 대동여지도",2016-09-14,2016-09-21,2016-09-28,2016-10-05
20159646,밀정,2016-09-14,2016-09-21,2016-09-28,2016-10-05
20165941,로빈슨 크루소,2016-09-14,2016-09-21,2016-09-28,2016-10-05
20166721,장난감이 살아있다,2016-09-14,2016-09-21,2016-09-28,2016-10-05
20166541,달빛궁궐,2016-09-14,2016-09-21,2016-09-28,2016-10-05
20167154,드림 쏭,2016-09-21,2016-09-28,2016-10-05,2016-10-12
20163294,매그니피센트 7,2016-09-21,2016-09-28,2016-10-05,2016-10-12
20167839,벤허,2016-09-21,2016-09-28,2016-10-05,2016-10-12
20168401,카페 소사이어티,2016-09-21,2016-09-28,2016-10-05,2016-10-12
20168721,아이엠스타 뮤직어워드,2016-09-21,2016-09-28,2016-10-05,2016-10-12
20169122,아이 엠 어 히어로,2016-09-28,2016-10-05,2016-10-12,2016-10-19
20162022,대결,2016-09-29,2016-10-06,2016-10-13,2016-10-20
20163184,뉴 스텝업: 어반댄스,2016-09-29,2016-10-06,2016-10-13,2016-10-20
20168885,브리짓 존스의 베이비,2016-10-05,2016-10-12,2016-10-19,2016-10-26
20168891,설리: 허드슨강의 기적,2016-10-05,2016-10-12,2016-10-19,2016-10-26
20164501,미스 페레그린과 이상한 아이들의 집,2016-10-05,2016-10-12,2016-10-19,2016-10-26
20153443,아수라,2016-10-05,2016-10-12,2016-10-19,2016-10-26
20160143,피터와 드래곤,2016-10-05,2016-10-12,2016-10-19,2016-10-26
20168361,바다 탐험대 옥토넛 시즌4: 늪지탐험선K,2016-10-05,2016-10-12,2016-10-19,2016-10-26
20164094,립반윙클의 신부,2016-10-05,2016-10-12,2016-10-19,2016-10-26
20169764,백설공주 : 사라진 아빠를 찾아서,2016-10-06,2016-10-13,2016-10-20,2016-10-27
20160761,돈 맛,2016-10-06,2016-10-13,2016-10-20,2016-10-27
20167481,맨 인 더 다크,2016-10-12,2016-10-19,2016-10-26,2016-11-02
20168822,디시에르토,2016-10-12,2016-10-19,2016-10-26,2016-11-02
20161589,죽여주는 여자,2016-10-13,2016-10-20,2016-10-27,2016-11-03
20167867,그물,2016-10-13,2016-10-20,2016-10-27,2016-11-03
20153444,럭키,2016-10-20,2016-10-27,2016-11-03,2016-11-10
20163041,자백,2016-10-20,2016-10-27,2016-11-03,2016-11-10
20168501,바스티유 데이,2016-10-20,2016-10-27,2016-11-03,2016-11-10
20160203,어카운턴트,2016-10-20,2016-10-27,2016-11-03,2016-11-10
20160261,극장판 프리파라 모두 모여라! 프리즘☆투어즈,2016-10-20,2016-10-27,2016-11-03,2016-11-10
20169028,토마스와 친구들: 용감한 기관차와 괴물소동,2016-10-20,2016-10-27,2016-11-03,2016-11-10
20156007,인페르노,2016-10-26,2016-11-02,2016-11-09,2016-11-16
20169986,미스터 캣,2016-10-26,2016-11-02,2016-11-09,2016-11-16
20151022,걷기왕,2016-10-27,2016-11-03,2016-11-10,2016-11-17
20161201,키즈모노가타리 II : 열혈편,2016-10-27,2016-11-03,2016-11-10,2016-11-17
20162545,"무현, 두 도시 이야기",2016-11-02,2016-11-09,2016-11-16,2016-11-23
20163181,닥터 스트레인지,2016-11-02,2016-11-09,2016-11-16,2016-11-23
20150564,혼숨,2016-11-02,2016-11-09,2016-11-16,2016-11-23
20160781,쿠보와 전설의 악기,2016-11-02,2016-11-09,2016-11-16,2016-11-23
20160862,선생님의 일기,2016-11-09,2016-11-16,2016-11-23,2016-11-30
20161796,극장판 파워레인저: 닌자포스 VS 트레인포스 닌자 인 원더랜드,2016-11-10,2016-11-17,2016-11-24,2016-12-01
20161527,로스트 인 더스트,2016-11-10,2016-11-17,2016-11-24,2016-12-01
20162609,인어공주 : 새로운 모험의 시작,2016-11-10,2016-11-17,2016-11-24,2016-12-01
20161165,무한대를 본 남자,2016-11-10,2016-11-17,2016-11-24,2016-12-01
20163521,스플릿,2016-11-16,2016-11-23,2016-11-30,2016-12-07
20161843,위자: 저주의 시작,2016-11-16,2016-11-23,2016-11-30,2016-12-07
20162147,세상에서 고양이가 사라진다면,2016-11-16,2016-11-23,2016-11-30,2016-12-07
20162504,감바의 대모험,2016-11-17,2016-11-24,2016-12-01,2016-12-08
20169730,당신자신과 당신의 것,2016-11-17,2016-11-24,2016-12-01,2016-12-08
20163155,바후발리 : 더 비기닝,2016-11-17,2016-11-24,2016-12-01,2016-12-08
20162365,신비한 동물사전,2016-11-23,2016-11-30,2016-12-07,2016-12-14
20154905,가려진 시간,2016-11-23,2016-11-30,2016-12-07,2016-12-14
20162629,하이큐!! 끝과 시작,2016-11-23,2016-11-30,2016-12-07,2016-12-14
20162928,카페 6,2016-11-23,2016-11-30,2016-12-07,2016-12-14
20161603,순종,2016-11-24,2016-12-01,2016-12-08,2016-12-15
20164169,드래곤 네스트: 평화 기사단 VS 블랙 드래곤,2016-11-24,2016-12-01,2016-12-08,2016-12-15
20159286,연애담,2016-11-24,2016-12-01,2016-12-08,2016-12-15
20154661,형,2016-11-30,2016-12-07,2016-12-14,2016-12-21
20161162,블레어 위치,2016-11-30,2016-12-07,2016-12-14,2016-12-21
20163824,미스 사이공 : 25주년 특별 공연,2016-12-01,2016-12-08,2016-12-15,2016-12-22
20163903,리틀메딕: 몸속탐험대,2016-12-01,2016-12-08,2016-12-15,2016-12-22
20162787,테일 오브 테일즈,2016-12-01,2016-12-08,2016-12-15,2016-12-22
20166363,잭 리처: 네버 고 백,2016-12-07,2016-12-14,2016-12-21,2016-12-28
20160472,두 남자,2016-12-07,2016-12-14,2016-12-21,2016-12-28
20153741,미씽: 사라진 여자,2016-12-07,2016-12-14,2016-12-21,2016-12-28
20162207,도성풍운 3,2016-12-07,2016-12-14,2016-12-21,2016-12-28
20161605,언더월드: 블러드 워,2016-12-07,2016-12-14,2016-12-21,2016-12-28
20167628,캡틴 판타스틱,2016-12-07,2016-12-14,2016-12-21,2016-12-28
20166462,신밧드 더 무비,2016-12-08,2016-12-15,2016-12-22,2016-12-29
20167904,라라랜드,2016-12-14,2016-12-21,2016-12-28,2017-01-04
20144641,판도라,2016-12-14,2016-12-21,2016-12-28,2017-01-04
20163884,아기배달부 스토크,2016-12-14,2016-12-21,2016-12-28,2017-01-04
20161763,"나, 다니엘 블레이크",2016-12-15,2016-12-22,2016-12-29,2017-01-05
20162382,원피스 필름 골드,2016-12-15,2016-12-22,2016-12-29,2017-01-05
20157064,커튼콜,2016-12-15,2016-12-22,2016-12-29,2017-01-05
20163856,호비와 동화나라 대모험,2016-12-15,2016-12-22,2016-12-29,2017-01-05
20152371,"당신, 거기 있어줄래요",2016-12-21,2016-12-28,2017-01-04,2017-01-11
20155223,목숨 건 연애,2016-12-21,2016-12-28,2017-01-04,2017-01-11
20164388,스노우타임,2016-12-22,2016-12-29,2017-01-05,2017-01-12
20161725,마스터,2016-12-28,2017-01-04,2017-01-11,2017-01-18
20162025,씽,2016-12-28,2017-01-04,2017-01-11,2017-01-18
20165285,극장판 도라에몽: 신 진구의 버스 오브 재팬,2016-12-28,2017-01-04,2017-01-11,2017-01-18
20162183,포켓몬 더 무비 XY&Z 「볼케니온 : 기계왕국의 비밀」,2016-12-29,2017-01-05,2017-01-12,2017-01-19
20160221,에곤 쉴레: 욕망이 그린 그림,2016-12-29,2017-01-05,2017-01-12,2017-01-19
20163183,로그 원: 스타워즈 스토리,2017-01-04,2017-01-11,2017-01-18,2017-01-25
20162727,루돌프와 많이있어,2017-01-04,2017-01-11,2017-01-18,2017-01-25
20165543,하이큐!! 승자와 패자,2017-01-04,2017-01-11,2017-01-18,2017-01-25
20161872,너의 이름은,2017-01-11,2017-01-18,2017-01-25,2017-02-01
20165153,눈의 여왕 3: 눈과 불의 마법대결,2017-01-11,2017-01-18,2017-01-25,2017-02-01
20150966,사랑하기 때문에,2017-01-11,2017-01-18,2017-01-25,2017-02-01
20161084,패신저스,2017-01-11,2017-01-18,2017-01-25,2017-02-01
20151181,여교사,2017-01-11,2017-01-18,2017-01-25,2017-02-01
20164421,어쌔신 크리드,2017-01-18,2017-01-25,2017-02-01,2017-02-08
20168381,얼라이드,2017-01-18,2017-01-25,2017-02-01,2017-02-08
20168324,반지의 제왕 : 반지원정대 (확장판),2017-01-18,2017-01-25,2017-02-01,2017-02-08
20165443,모아나,2017-01-19,2017-01-26,2017-02-02,2017-02-09
20163014,7년-그들이 없는 언론,2017-01-19,2017-01-26,2017-02-02,2017-02-09
20168664,반지의 제왕 : 두개의 탑 (확장판),2017-01-18,2017-01-25,2017-02-01,2017-02-8
20151228,공조,2017-01-25,2017-02-01,2017-02-08,2017-02-15
20163845,터닝메카드W: 블랙미러의 부활,2017-01-25,2017-02-01,2017-02-08,2017-02-15
20151229,더 킹,2017-01-25,2017-02-01,2017-02-08,2017-02-15
20163186,단지 세상의 끝,2017-01-25,2017-02-01,2017-02-08,2017-02-15
20167285,짱구는 못말려 극장판: 폭풍수면! 꿈꾸는 세계 대돌격,2017-02-01,2017-02-08,2017-02-15,2017-02-22
20168154,딥워터 호라이즌,2017-02-01,2017-02-08,2017-02-15,2017-02-22
20168688,레지던트 이블: 파멸의 날,2017-02-01,2017-02-08,2017-02-15,2017-02-22
20168689,반지의 제왕 : 왕의 귀환 (확장판),2017-02-01,2017-02-08,2017-02-15,2017-02-22
20165822,매기스 플랜,2017-02-01,2017-02-08,2017-02-15,2017-02-22
20168366,바다 탐험대 옥토넛 시즌4: 바다 괴물 대소동,2017-02-01,2017-02-08,2017-02-15,2017-02-22
20167324,라이언,2017-02-08,2017-02-15,2017-02-22,2017-03-01
20154342,뚜르: 내 생애 최고의 49일,2017-02-08,2017-02-15,2017-02-22,2017-03-01
20179281,컨택트,2017-02-09,2017-02-16,2017-02-23,2017-03-02
20167716,트리플 엑스 리턴즈,2017-02-15,2017-02-22,2017-03-01,2017-03-08
20178881,명탐정 코난: 에피소드 원-작아진 명탐정,2017-02-15,2017-02-22,2017-03-01,2017-03-08
20161141,50가지 그림자: 심연,2017-02-16,2017-02-23,2017-03-02,2017-03-09
20150964,조작된 도시,2017-02-16,2017-02-23,2017-03-02,2017-03-09
20167644,발레리나,2017-02-16,2017-02-23,2017-03-02,2017-03-09
20162873,레고 배트맨 무비,2017-02-16,2017-02-23,2017-03-02,2017-03-09
20163580,그레이트 월,2017-02-22,2017-03-01,2017-03-08,2017-03-15
20166421,재심,2017-02-22,2017-03-01,2017-03-08,2017-03-15
20167362,더 큐어,2017-02-22,2017-03-01,2017-03-08,2017-03-15
20161366,"그래, 가족",2017-02-22,2017-03-01,2017-03-08,2017-03-15
20161744,트롤,2017-02-23,2017-03-02,2017-03-09,2017-03-16
20167906,마이펫 오지,2017-02-23,2017-03-02,2017-03-09,2017-03-16
20170241,23 아이덴티티,2017-03-01,2017-03-08,2017-03-15,2017-03-22
20166101,존 윅 - 리로드,2017-03-01,2017-03-08,2017-03-15,2017-03-22
20165927,문라이트,2017-03-01,2017-03-08,2017-03-15,2017-03-22
20167922,핵소 고지,2017-03-01,2017-03-08,2017-03-15,2017-03-22
20156562,루시드 드림,2017-03-01,2017-03-08,2017-03-15,2017-03-22
20161723,싱글라이더,2017-03-01,2017-03-08,2017-03-15,2017-03-22
20170509,극장판 소드 아트 온라인 -오디널 스케일-,2017-03-02,2017-03-09,2017-03-16,2017-03-23
20166468,사일런스,2017-03-07,2017-03-14,2017-03-21,2017-03-28
20161827,로건,2017-03-08,2017-03-15,2017-03-22,2017-03-29
20158799,눈길,2017-03-08,2017-03-15,2017-03-22,2017-03-29
20150971,해빙,2017-03-08,2017-03-15,2017-03-22,2017-03-29
20168183,콩: 스컬 아일랜드,2017-03-15,2017-03-22,2017-03-29,2017-04-05
20168750,파도가 지나간 자리,2017-03-15,2017-03-22,2017-03-29,2017-04-05
20170761,걸 온 더 트레인,2017-03-16,2017-03-23,2017-03-30,2017-04-06
20164721,미녀와 야수,2017-03-23,2017-03-30,2017-04-06,2017-04-13
20167905,비정규직 특수요원,2017-03-23,2017-03-30,2017-04-06,2017-04-13
20178942,스페이스 비트윈 어스,2017-03-23,2017-03-30,2017-04-06,2017-04-13
20170221,골드,2017-03-29,2017-04-05,2017-04-12,2017-04-19
20168742,아우토반,2017-03-29,2017-04-05,2017-04-12,2017-04-19
20167363,히든 피겨스,2017-03-30,2017-04-06,2017-04-13,2017-04-20
20162181,프리즌,2017-03-30,2017-04-06,2017-04-13,2017-04-20
20167902,보통사람,2017-03-30,2017-04-06,2017-04-13,2017-04-20
20179442,밤의 해변에서 혼자,2017-03-30,2017-04-06,2017-04-13,2017-04-20
20171801,극장판 암살교실 : 365일의 시간,2017-03-30,2017-04-06,2017-04-13,2017-04-20
20171661,아기돼지 3형제와 매직램프,2017-03-30,2017-04-06,2017-04-13,2017-04-20
20170382,개구리왕국 2,2017-03-30,2017-04-06,2017-04-13,2017-04-20
20163194,공각기동대 : 고스트 인 더 쉘,2017-04-05,2017-04-12,2017-04-19,2017-04-26
20151230,원라인,2017-04-05,2017-04-12,2017-04-19,2017-04-26
20167005,데스노트: 더 뉴 월드,2017-04-05,2017-04-12,2017-04-19,2017-04-26
20167364,미스 슬로운,2017-04-05,2017-04-12,2017-04-19,2017-04-26
20164926,분노,2017-04-06,2017-04-13,2017-04-20,2017-04-27
20167901,어느날,2017-04-12,2017-04-19,2017-04-26,2017-05-03
20171381,라이프,2017-04-12,2017-04-19,2017-04-26,2017-05-03
20161923,시간위의 집,2017-04-12,2017-04-19,2017-04-26,2017-05-03
20171781,패트리어트 데이,2017-04-13,2017-04-20,2017-04-27,2017-05-04
20173444,링스,2017-04-13,2017-04-20,2017-04-27,2017-05-04
20162607,슈퍼 버드,2017-04-13,2017-04-20,2017-04-27,2017-05-04
20151227,아빠는 딸,2017-04-19,2017-04-26,2017-05-03,2017-05-10
20167542,분노의 질주: 더 익스트림,2017-04-19,2017-04-26,2017-05-03,2017-05-10
20173690,흑집사 북 오브 더 아틀란틱,2017-04-20,2017-04-27,2017-05-04,2017-05-11
20170741,지니어스,2017-04-20,2017-04-27,2017-05-04,2017-05-11
20173601,리틀 프린세스 소피아: 엘레나와 비밀의 아발로 왕국,2017-04-20,2017-04-27,2017-05-04,2017-05-11
20174023,극장판 어드벤처 타임: 비밀의 아일랜드,2017-04-20,2017-04-27,2017-05-04,2017-05-11
20172541,오두막,2017-04-27,2017-05-04,2017-05-11,2017-05-18
20179662,파워레인져스: 더 비기닝,2017-04-27,2017-05-04,2017-05-11,2017-05-18
20174561,더 플랜,2017-04-27,2017-05-04,2017-05-11,2017-05-18
20172125,파운더,2017-04-27,2017-05-04,2017-05-11,2017-05-18
20173121,콜로설,2017-04-27,2017-05-04,2017-05-11,2017-05-18
20172641,마리안느와 마가렛,2017-04-27,2017-05-04,2017-05-11,2017-05-18
20175461,암살교실: 졸업편,2017-04-28,2017-05-05,2017-05-12,2017-05-19
20161726,임금님의 사건수첩,2017-05-03,2017-05-10,2017-05-17,2017-05-24
20173301,"서서평, 천천히 평온하게",2017-05-03,2017-05-10,2017-05-17,2017-05-24
20162871,특별시민,2017-05-03,2017-05-10,2017-05-17,2017-05-24
20164829,나는 부정한다,2017-05-03,2017-05-10,2017-05-17,2017-05-24
20174165,극장판 또봇: 로봇군단의 습격,2017-05-04,2017-05-11,2017-05-18,2017-05-25
20175142,극장판 쿠로코의 농구 라스트 게임,2017-05-04,2017-05-11,2017-05-18,2017-05-25
20161665,스머프: 비밀의 숲,2017-05-05,2017-05-12,2017-05-19,2017-05-26
20162722,보안관,2017-05-10,2017-05-17,2017-05-24,2017-05-31
20174061,보스 베이비,2017-05-10,2017-05-17,2017-05-24,2017-05-31
20163603,가디언즈 오브 갤럭시 VOL 2,2017-05-10,2017-05-17,2017-05-24,2017-05-31
20173061,슈퍼 빼꼼: 스파이 대작전,2017-05-10,2017-05-17,2017-05-24,2017-05-31
20163185,언노운 걸,2017-05-10,2017-05-17,2017-05-24,2017-05-31
20174501,오즈의 마법사 2,2017-05-10,2017-05-17,2017-05-24,2017-05-31
20156708,석조저택 살인사건,2017-05-16,2017-05-23,2017-05-30,2017-06-06
20179382,에이리언: 커버넌트,2017-05-16,2017-05-23,2017-05-30,2017-06-06
20170321,목소리의 형태,2017-05-16,2017-05-23,2017-05-30,2017-06-06
20174644,길,2017-05-18,2017-05-25,2017-06-01,2017-06-08
20175262,겟 아웃,2017-05-24,2017-05-31,2017-06-07,2017-06-14
20164844,불한당: 나쁜 놈들의 세상,2017-05-24,2017-05-31,2017-06-07,2017-06-14
20173961,킹 아서: 제왕의 검,2017-05-24,2017-05-31,2017-06-07,2017-06-14
20174721,로스트 인 파리,2017-05-25,2017-06-01,2017-06-08,2017-06-15
20170982,캐리비안의 해적: 죽은 자는 말이 없다,2017-05-31,2017-06-07,2017-06-14,2017-06-21
20174602,노무현입니다,2017-06-01,2017-06-08,2017-06-15,2017-06-22
20173642,너와 100번째 사랑,2017-06-01,2017-06-08,2017-06-15,2017-06-22
20169348,대립군,2017-06-07,2017-06-14,2017-06-21,2017-06-28
20168261,원더 우먼,2017-06-07,2017-06-14,2017-06-21,2017-06-28
20174803,7번째 내가 죽던 날,2017-06-07,2017-06-14,2017-06-21,2017-06-28
20160483,꿈의 제인,2017-06-07,2017-06-14,2017-06-21,2017-06-28
20176141,베이블레이드 버스트 갓 : 갓 발키리의 탄생,2017-06-08,2017-06-15,2017-06-22,2017-06-29
20174821,바다 탐험대 옥토넛 시즌4: 더 파이널,2017-06-08,2017-06-15,2017-06-22,2017-06-29
20175581,파워배틀 와치카: 와치가면의 역습,2017-06-08,2017-06-15,2017-06-22,2017-06-29
20166488,미이라,2017-06-13,2017-06-20,2017-06-27,2017-07-04
20162343,악녀,2017-06-15,2017-06-22,2017-06-29,2017-07-06
20168041,용순,2017-06-15,2017-06-22,2017-06-29,2017-07-06
20173833,심야식당 2,2017-06-15,2017-06-22,2017-06-29,2017-07-06
20176983,킹 오브 프리즘 - 프라이드 더 히어로,2017-06-17,2017-06-24,2017-07-01,2017-07-08
20166384,하루,2017-06-22,2017-06-29,2017-07-06,2017-07-13
20175662,엘르,2017-06-22,2017-06-29,2017-07-06,2017-07-13
20172241,꼬마돼지 베이브의 대모험,2017-06-22,2017-06-29,2017-07-06,2017-07-13
20175423,나의 붉은고래,2017-06-22,2017-06-29,2017-07-06,2017-07-13
20176741,꼬마참새 리차드: 아프리카 원정대,2017-06-22,2017-06-29,2017-07-06,2017-07-13
20166967,트랜스포머: 최후의 기사,2017-06-28,2017-07-05,2017-07-12,2017-07-19
20175982,다크 하우스,2017-06-29,2017-07-06,2017-07-13,2017-07-20
20175821,언더더씨,2017-06-29,2017-07-06,2017-07-13,2017-07-20
20176201,더 서클,2017-06-29,2017-07-06,2017-07-13,2017-07-20
20178982,박열,2017-07-05,2017-07-12,2017-07-19,2017-07-26
20159647,리얼,2017-07-05,2017-07-12,2017-07-19,2017-07-26
20176961,지랄발광 17세,2017-07-05,2017-07-12,2017-07-19,2017-07-26
20158485,옥자,2017-07-06,2017-07-13,2017-07-20,2017-07-27
20178121,부니베어: 로거빅 컴백홈 프로젝트,2017-07-06,2017-07-13,2017-07-20,2017-07-27
20177202,토마스와 친구들: 수수께끼 해적선과 보물찾기,2017-07-06,2017-07-13,2017-07-20,2017-07-27
20167303,스파이더맨: 홈 커밍,2017-07-12,2017-07-19,2017-07-26,2017-08-02
20176102,그 후,2017-07-13,2017-07-20,2017-07-27,2017-08-03
20176511,베를린 신드롬,2017-07-13,2017-07-20,2017-07-27,2017-08-03
20177501,플립,2017-07-19,2017-07-26,2017-08-02,2017-08-09
20174801,내 사랑,2017-07-19,2017-07-26,2017-08-02,2017-08-09
20175522,카3: 새로운 도전,2017-07-20,2017-07-27,2017-08-03,2017-08-10
20176562,예수는 역사다,2017-07-20,2017-07-27,2017-08-03,2017-08-10
20177181,47 미터,2017-07-26,2017-08-02,2017-08-09,2017-08-16
20176781,내가 죽기 전에 가장 듣고 싶은 말,2017-07-26,2017-08-02,2017-08-09,2017-08-16
20164621,덩케르크,2017-07-27,2017-08-03,2017-08-10,2017-08-17
20178321,극장판 짱구는 못말려 : 습격!! 외계인 덩덩이,2017-07-27,2017-08-03,2017-08-10,2017-08-17
20177761,오즈: 신기한 마법가루,2017-07-27,2017-08-03,2017-08-10,2017-08-17
20177701,위시 어폰,2017-07-27,2017-08-03,2017-08-10,2017-08-17
20173403,슈퍼배드 3,2017-08-02,2017-08-09,2017-08-16,2017-08-23
20161481,군함도,2017-08-02,2017-08-09,2017-08-16,2017-08-23
20178646,송 투 송,2017-08-02,2017-08-09,2017-08-16,2017-08-23
20162869,택시운전사,2017-08-09,2017-08-16,2017-08-23,2017-08-30
20170124,명탐정 코난:진홍의 연가,2017-08-09,2017-08-16,2017-08-23,2017-08-30
20179186,이모티: 더 무비,2017-08-09,2017-08-16,2017-08-23,2017-08-30
20178762,파리로 가는 길,2017-08-10,2017-08-17,2017-08-24,2017-08-31
20162442,청년경찰,2017-08-16,2017-08-23,2017-08-30,2017-09-06
20178641,빅풋 주니어,2017-08-16,2017-08-23,2017-08-30,2017-09-06
20161081,애나벨 : 인형의 주인,2017-08-17,2017-08-24,2017-08-31,2017-09-07
20179085,극장판 도라에몽: 진구의 남극 꽁꽁 대모험,2017-08-17,2017-08-24,2017-08-31,2017-09-07
20179901,혹성탈출: 종의 전쟁,2017-08-22,2017-08-29,2017-09-05,2017-09-12
20179226,드래곤 스펠: 마법 꽃의 비밀,2017-08-22,2017-08-29,2017-09-05,2017-09-12
20179187,공범자들,2017-08-24,2017-08-31,2017-09-07,2017-09-14
20151003,장산범,2017-08-24,2017-08-31,2017-09-07,2017-09-14
20170022,다크타워: 희망의 탑,2017-08-30,2017-09-06,2017-09-13,2017-09-20
20164174,브이아이피,2017-08-30,2017-09-06,2017-09-13,2017-09-20
20165001,더 테이블,2017-08-31,2017-09-07,2017-09-14,2017-09-21
20170389,극장판 위 베어 베어스: 곰 브라더스,2017-08-31,2017-09-07,2017-09-14,2017-09-21
20158047,발레리안: 천 개 행성의 도시,2017-09-06,2017-09-13,2017-09-20,2017-09-27
20179407,로마의 휴일,2017-09-06,2017-09-13,2017-09-20,2017-09-27
20171962,킬러의 보디가드,2017-09-06,2017-09-13,2017-09-20,2017-09-27
20179491,아토믹 블론드,2017-09-06,2017-09-13,2017-09-20,2017-09-27
20166132,김광석,2017-09-06,2017-09-13,2017-09-20,2017-09-27
20154909,살인자의 기억법,2017-09-13,2017-09-20,2017-09-27,2017-10-04
20179696,그것,2017-09-13,2017-09-20,2017-09-27,2017-10-04
20170268,매혹당한 사람들,2017-09-13,2017-09-20,2017-09-27,2017-10-04
20171923,저수지 게임,2017-09-14,2017-09-21,2017-09-28,2017-10-05
20171022,극장판 에그엔젤 코코밍: 푸르밍과 두근두근 코코밍 세계,2017-09-14,2017-09-21,2017-09-28,2017-10-05
20172148,몬스터 섬의 비밀,2017-09-14,2017-09-21,2017-09-28,2017-10-05
20171090,베이비 드라이버,2017-09-21,2017-09-28,2017-10-05,2017-10-12
20177541,아메리칸 메이드,2017-09-21,2017-09-28,2017-10-05,2017-10-12
20160703,"좋아해, 너를",2017-09-21,2017-09-28,2017-10-05,2017-10-12
20170607,몬스터 콜,2017-09-21,2017-09-28,2017-10-05,2017-10-12
20170302,윈드 리버,2017-09-21,2017-09-28,2017-10-05,2017-10-12
20173945,인비저블 게스트,2017-09-28,2017-10-05,2017-10-12,2017-10-19
20174142,아이 캔 스피크,2017-09-28,2017-10-05,2017-10-12,2017-10-19
20168241,잃어버린 도시 Z,2017-09-28,2017-10-05,2017-10-12,2017-10-19
20175222,킹스맨: 골든 서클,2017-10-04,2017-10-11,2017-10-18,2017-10-25
20172142,극장판 요괴워치: 하늘을 나는 고래와 더블세계다냥!,2017-10-04,2017-10-11,2017-10-18,2017-10-25
20171312,우리의 20세기,2017-10-04,2017-10-11,2017-10-18,2017-10-25
20169463,다시 태어나도 우리,2017-10-04,2017-10-11,2017-10-18,2017-10-25
20170364,레고 닌자고 무비,2017-10-05,2017-10-12,2017-10-19,2017-10-26
20172627,리틀 프린세스 소피아 : 신비한 섬,2017-10-05,2017-10-12,2017-10-19,2017-10-26
20172742,범죄도시,2017-10-10,2017-10-17,2017-10-24,2017-10-31
20165450,남한산성,2017-10-10,2017-10-17,2017-10-24,2017-10-31
20171817,넛잡 2,2017-10-10,2017-10-17,2017-10-24,2017-10-31
20171369,매직울프,2017-10-10,2017-10-17,2017-10-24,2017-10-31
20170964,딥,2017-10-10,2017-10-17,2017-10-24,2017-10-31
20173092,어메이징 메리,2017-10-11,2017-10-18,2017-10-25,2017-11-01
20154907,희생부활자,2017-10-19,2017-10-26,2017-11-02,2017-11-09
20168282,블레이드 러너 2049,2017-10-19,2017-10-26,2017-11-02,2017-11-09
20176767,"나는 내일, 어제의 너와 만난다",2017-10-19,2017-10-26,2017-11-02,2017-11-09
20172942,나의 엔젤,2017-10-19,2017-10-26,2017-11-02,2017-11-09
20175943,주키퍼스 와이프,2017-10-19,2017-10-26,2017-11-02,2017-11-09
20164424,대장 김창수,2017-10-26,2017-11-02,2017-11-09,2017-11-16
20173694,지오스톰,2017-10-26,2017-11-02,2017-11-09,2017-11-16
20172064,마더!,2017-10-26,2017-11-02,2017-11-09,2017-11-16
20173806,노 게임 노 라이프 -제로-,2017-10-26,2017-11-02,2017-11-09,2017-11-16
20176761,잠깐만 회사 좀 관두고 올게,2017-10-26,2017-11-02,2017-11-09,2017-11-16
20171024,너의 췌장을 먹고 싶어_20171024,2017-11-01,2017-11-08,2017-11-15,2017-11-22
20175121,토르: 라그나로크,2017-11-01,2017-11-08,2017-11-15,2017-11-22
20164481,유리정원,2017-11-01,2017-11-08,2017-11-15,2017-11-22
20175208,뷰티풀 투모로우,2017-11-02,2017-11-09,2017-11-16,2017-11-23
20174103,배저로와 친구들: 신비한 모험,2017-11-02,2017-11-09,2017-11-16,2017-11-23
20173724,직쏘,2017-11-09,2017-11-16,2017-11-23,2017-11-30
20169643,침묵,2017-11-09,2017-11-16,2017-11-23,2017-11-30
20172603,부라더,2017-11-09,2017-11-16,2017-11-23,2017-11-30
20173612,메소드,2017-11-09,2017-11-16,2017-11-23,2017-11-30
20173804,배드 지니어스,2017-11-09,2017-11-16,2017-11-23,2017-11-30
20177342,내게 남은 사랑을,2017-11-09,2017-11-16,2017-11-23,2017-11-30
20174902,신서유기 : 몽키킹의 부활,2017-11-09,2017-11-16,2017-11-23,2017-11-30
20174622,해피 데스데이,2017-11-15,2017-11-22,2017-11-29,2017-12-06
20179942,러빙 빈센트,2017-11-16,2017-11-23,2017-11-30,2017-12-07
20175441,채비,2017-11-16,2017-11-23,2017-11-30,2017-12-07
20161681,미옥,2017-11-16,2017-11-23,2017-11-30,2017-12-07
20175244,극장판 파워레인저: 애니멀포스 VS 닌자포스 미래에서 온 메시지,2017-11-16,2017-11-23,2017-11-30,2017-12-07
20173931,리빙보이 인 뉴욕,2017-11-16,2017-11-23,2017-11-30,2017-12-07
20168754,7호실,2017-11-22,2017-11-29,2017-12-06,2017-12-13
20168221,저스티스 리그,2017-11-22,2017-11-29,2017-12-06,2017-12-13
20174778,하이큐!! 재능과 센스,2017-11-22,2017-11-29,2017-12-06,2017-12-13
20175611,페이트 스테이 나이트 헤븐즈필 제1장 프레시지 플라워,2017-11-23,2017-11-30,2017-12-07,2017-12-14
20165748,꾼,2017-11-29,2017-12-06,2017-12-13,2017-12-20
20174222,키드냅,2017-11-29,2017-12-06,2017-12-13,2017-12-20
20175223,래빗 스쿨,2017-11-30,2017-12-07,2017-12-14,2017-12-21
20173903,역모-반란의 시대,2017-11-30,2017-12-07,2017-12-14,2017-12-21
20175288,피터와 모글리의 크리스마스 어드벤처,2017-11-30,2017-12-07,2017-12-14,2017-12-21
20161762,반드시 잡는다,2017-12-06,2017-12-13,2017-12-20,2017-12-27
20178581,오리엔트 특급 살인,2017-12-06,2017-12-13,2017-12-20,2017-12-27
20173581,기억의 밤,2017-12-06,2017-12-13,2017-12-20,2017-12-27
20174073,빅 배드 폭스,2017-12-07,2017-12-14,2017-12-21,2017-12-28
20174846,뽀로로 극장판 공룡섬 대모험,2017-12-14,2017-12-21,2017-12-28,2018-01-04
20174585,메리와 마녀의 꽃,2017-12-14,2017-12-21,2017-12-28,2018-01-04
20170272,산상수훈,2017-12-14,2017-12-21,2017-12-28,2018-01-04
20173693,어쌔신: 더 비기닝,2017-12-14,2017-12-21,2017-12-28,2018-01-04
20175903,은혼,2017-12-14,2017-12-21,2017-12-28,2018-01-04
20170402,강철비,2017-12-21,2017-12-28,2018-01-04,2018-01-11
20170443,스타워즈: 라스트 제다이,2017-12-21,2017-12-28,2018-01-04,2018-01-11
20175481,튤립 피버,2017-12-21,2017-12-28,2018-01-04,2018-01-11
20176367,극장판 숲의 요정 페어리루 ~크리스마스의 기적: 마법의 날개~,2017-12-21,2017-12-28,2018-01-04,2018-01-11
20150976,신과함께-죄와 벌,2017-12-27,2018-01-03,2018-01-10,2018-01-17
20179462,위대한 쇼맨,2017-12-27,2018-01-03,2018-01-10,2018-01-17
20174965,극장판 포켓몬스터 너로 정했다!,2017-12-28,2018-01-04,2018-01-11,2018-01-18
20176082,몬스터 패밀리,2017-12-28,2018-01-04,2018-01-11,2018-01-18
20176049,패터슨,2017-12-28,2018-01-04,2018-01-11,2018-01-18
20176022,더 크리스마스,2017-12-28,2018-01-04,2018-01-11,2018-01-18
20170590,1987,2018-01-03,2018-01-10,2018-01-17,2018-01-24
20176947,원더,2018-01-03,2018-01-10,2018-01-17,2018-01-24
20177479,극장판 프리파라 모두의 동경♪ 렛츠고☆프리파리,2018-01-04,2018-01-11,2018-01-18,2018-01-25
20177104,페르디난드,2018-01-10,2018-01-17,2018-01-24,2018-01-31
20171909,쥬만지: 새로운 세계,2018-01-10,2018-01-17,2018-01-24,2018-01-31
20179985,코코,2018-01-18,2018-01-25,2018-02-01,2018-02-08
20173547,다운사이징,2018-01-18,2018-01-25,2018-02-01,2018-02-08
20177602,"쏘아올린 불꽃, 밑에서 볼까? 옆에서 볼까?",2018-01-18,2018-01-25,2018-02-01,2018-02-08
20179286,하이큐!! 콘셉트의 싸움,2018-01-18,2018-01-25,2018-02-01,2018-02-08
20175054,메이즈 러너: 데스 큐어,2018-01-24,2018-01-31,2018-02-07,2018-02-14
20176104,그것만이 내 세상,2018-01-24,2018-01-31,2018-02-07,2018-02-14
20178228,다키스트 아워,2018-01-24,2018-01-31,2018-02-07,2018-02-14
20189525,젝스키스 에이틴,2018-01-25,2018-02-01,2018-02-08,2018-02-15
20173662,리틀 뱀파이어,2018-01-25,2018-02-01,2018-02-08,2018-02-15
20178808,주문은 토끼입니까 ~Dear my sister~,2018-01-25,2018-02-01,2018-02-08,2018-02-15
20168161,1급기밀,2018-01-31,2018-02-07,2018-02-14,2018-02-21
20177473,비밥바룰라,2018-01-31,2018-02-07,2018-02-14,2018-02-21
20178230,커뮤터,2018-01-31,2018-02-07,2018-02-14,2018-02-21
20178444,극장판 레이디버그: 미라클스톤의 비밀,2018-02-01,2018-02-08,2018-02-15,2018-02-22
20178126,인시디어스4: 라스트 키,2018-02-07,2018-02-14,2018-02-21,2018-02-28
20168323,염력,2018-02-07,2018-02-14,2018-02-21,2018-02-28
20178395,12 솔져스,2018-02-07,2018-02-14,2018-02-21,2018-02-28
20178469,올 더 머니,2018-02-08,2018-02-15,2018-02-22,2018-03-01
20179228,마야2,2018-02-08,2018-02-15,2018-02-22,2018-03-01
20189901,더 포리너,2018-02-14,2018-02-21,2018-02-28,2018-03-07
20179205,조선명탐정: 흡혈괴마의 비밀,2018-02-15,2018-02-22,2018-03-01,2018-03-08
20178672,패딩턴 2,2018-02-15,2018-02-22,2018-03-01,2018-03-08
20179106,겨울왕국의 무민,2018-02-15,2018-02-22,2018-03-01,2018-03-08
20189761,터닝메카드W: 반다인의 비밀 특별판,2018-02-15,2018-02-22,2018-03-01,2018-03-08
20176121,흥부: 글로 세상을 바꾼 자,2018-02-21,2018-02-28,2018-03-07,2018-03-14
20170561,블랙 팬서,2018-02-21,2018-02-28,2018-03-07,2018-03-14
20078561,명탐정 코난:감벽의 관,2018-02-21,2018-02-28,2018-03-07,2018-03-14
20168250,골든슬럼버,2018-02-21,2018-02-28,2018-03-07,2018-03-14
20180542,50가지 그림자: 해방,2018-02-28,2018-03-07,2018-03-14,2018-03-21
20173436,셰이프 오브 워터: 사랑의 모양,2018-03-01,2018-03-08,2018-03-15,2018-03-22
20177946,월요일이 사라졌다,2018-03-01,2018-03-08,2018-03-15,2018-03-22
20189882,반딧불이 딘딘,2018-03-01,2018-03-08,2018-03-15,2018-03-22
20170841,리틀 포레스트,2018-03-07,2018-03-14,2018-03-21,2018-03-28
20150969,궁합,2018-03-07,2018-03-14,2018-03-21,2018-03-28
20189861,더 포스트,2018-03-07,2018-03-14,2018-03-21,2018-03-28
20180341,레드 스패로,2018-03-07,2018-03-14,2018-03-21,2018-03-28
20189663,게이트,2018-03-07,2018-03-14,2018-03-21,2018-03-28
20179731,나미야 잡화점의 기적,2018-03-07,2018-03-14,2018-03-21,2018-03-28
20178781,사라진 밤,2018-03-14,2018-03-21,2018-03-28,2018-04-04
20178490,온리 더 브레이브,2018-03-14,2018-03-21,2018-03-28,2018-04-04
20176070,플로리다 프로젝트,2018-03-14,2018-03-21,2018-03-28,2018-04-04
20180564,툼레이더,2018-03-15,2018-03-22,2018-03-29,2018-04-05
20170669,지금 만나러 갑니다,2018-03-21,2018-03-28,2018-04-04,2018-04-11
20172244,치즈인더트랩,2018-03-21,2018-03-28,2018-04-04,2018-04-11
20180082,로건 럭키,2018-03-21,2018-03-28,2018-04-04,2018-04-11
20180302,허리케인 하이스트,2018-03-21,2018-03-28,2018-04-04,2018-04-11
20178449,쓰리 빌보드,2018-03-22,2018-03-29,2018-04-05,2018-04-12
20174603,퍼시픽 림: 업라이징,2018-03-28,2018-04-04,2018-04-11,2018-04-18
20173962,소공녀,2018-03-29,2018-04-05,2018-04-12,2018-04-19
20181366,미니특공대X,2018-03-29,2018-04-05,2018-04-12,2018-04-19
20178522,콜 미 바이 유어 네임,2018-03-29,2018-04-05,2018-04-12,2018-04-19
20154908,7년의 밤,2018-04-04,2018-04-11,2018-04-18,2018-04-25
20171122,레디 플레이어 원,2018-04-04,2018-04-11,2018-04-18,2018-04-25
20180804,곤지암,2018-04-04,2018-04-11,2018-04-18,2018-04-25
20181621,막달라 마리아: 부활의 증인,2018-04-04,2018-04-11,2018-04-18,2018-04-25
20178424,레이디 버드,2018-04-11,2018-04-18,2018-04-25,2018-05-02
20153447,바람 바람 바람,2018-04-12,2018-04-19,2018-04-26,2018-05-03
20181561,덕구,2018-04-12,2018-04-19,2018-04-26,2018-05-03
20182021,번개맨과 신비의 섬,2018-04-12,2018-04-19,2018-04-26,2018-05-03
20182922,문호 스트레이독스 [데드 애플],2018-04-12,2018-04-19,2018-04-26,2018-05-03
20176917,램페이지,2018-04-19,2018-04-26,2018-05-03,2018-05-10
20182352,"그날, 바다",2018-04-19,2018-04-26,2018-05-03,2018-05-10
20165045,머니백,2018-04-19,2018-04-26,2018-05-03,2018-05-10
20181788,콰이어트 플레이스,2018-04-19,2018-04-26,2018-05-03,2018-05-10
20182221,스파키,2018-04-19,2018-04-26,2018-05-03,2018-05-10
20182327,달링,2018-04-19,2018-04-26,2018-05-03,2018-05-10
20177266,나를 기억해,2018-04-26,2018-05-03,2018-05-10,2018-05-17
20182360,정글번치: 최강 악당의 등장,2018-04-26,2018-05-03,2018-05-10,2018-05-17
20182701,크리미널 스쿼드,2018-04-26,2018-05-03,2018-05-10,2018-05-17
20181603,무문관,2018-04-26,2018-05-03,2018-05-10,2018-05-17
20182494,몬태나,2018-04-26,2018-05-03,2018-05-10,2018-05-17
20177962,당신의 부탁,2018-04-26,2018-05-03,2018-05-10,2018-05-17
20177478,어벤져스: 인피니티 워,2018-05-02,2018-05-09,2018-05-16,2018-05-23
20182561,당갈,2018-05-02,2018-05-09,2018-05-16,2018-05-23
20167007,살인소설,2018-05-02,2018-05-09,2018-05-16,2018-05-23
20182990,아기곰 보보 구출 대작전,2018-05-02,2018-05-09,2018-05-16,2018-05-23
20176101,클레어의 카메라,2018-05-02,2018-05-09,2018-05-16,2018-05-23
20183195,레오나르도 다 빈치,2018-05-03,2018-05-10,2018-05-17,2018-05-24
20189783,챔피언,2018-05-08,2018-05-15,2018-05-22,2018-05-29
20182385,매직빈,2018-05-10,2018-05-17,2018-05-24,2018-05-31
20176067,"부르고뉴, 와인에서 찾은 인생",2018-05-10,2018-05-17,2018-05-24,2018-05-31
20182989,커다랗고 커다랗고 커다란 배,2018-05-10,2018-05-17,2018-05-24,2018-05-31
20182984,얼리맨,2018-05-10,2018-05-17,2018-05-24,2018-05-31
20176069,원더스트럭,2018-05-10,2018-05-17,2018-05-24,2018-05-31
20183307,샷 콜러,2018-05-11,2018-05-18,2018-05-25,2018-06-01
20177005,레슬러,2018-05-16,2018-05-23,2018-05-30,2018-06-06
20137352,루비 스팍스,2018-05-17,2018-05-24,2018-05-31,2018-06-07
20183083,중2병이라도 사랑이 하고 싶어! 테이크 온 미,2018-05-17,2018-05-24,2018-05-31,2018-06-07
20159102,씨 오브 트리스,2018-05-17,2018-05-24,2018-05-31,2018-06-07
20181823,보리 vs 매켄로,2018-05-17,2018-05-24,2018-05-31,2018-06-07
20183084,피터 래빗,2018-05-23,2018-05-30,2018-06-06,2018-06-13
20182046,"안녕, 나의 소녀",2018-05-23,2018-05-30,2018-06-06,2018-06-13
20176848,데드풀 2,2018-05-23,2018-05-30,2018-06-06,2018-06-13
20182323,임을 위한 행진곡,2018-05-23,2018-05-30,2018-06-06,2018-06-13
20173202,버닝,2018-05-24,2018-05-31,2018-06-07,2018-06-14
20183321,마징가 Z: 인피니티,2018-05-24,2018-05-31,2018-06-07,2018-06-14
20183381,5.18 힌츠페터 스토리,2018-05-24,2018-05-31,2018-06-07,2018-06-14
20183741,다이노 헌터: 티렉스VS파키리노 대격돌,2018-05-24,2018-05-31,2018-06-07,2018-06-14
20179383,독전,2018-05-29,2018-06-05,2018-06-12,2018-06-19
20183801,트루스 오어 데어,2018-05-29,2018-06-05,2018-06-12,2018-06-19
20180789,한 솔로: 스타워즈 스토리,2018-05-31,2018-06-07,2018-06-14,2018-06-21
20184513,위 베어 베어스: 베이비 베어스,2018-05-31,2018-06-07,2018-06-14,2018-06-21
20183384,서산개척단,2018-05-31,2018-06-07,2018-06-14,2018-06-21
20184132,"세라비, 이것이 인생!",2018-06-06,2018-06-13,2018-06-20,2018-06-27
20173865,데자뷰,2018-06-06,2018-06-13,2018-06-20,2018-06-27
20176053,"스탠바이, 웬디",2018-06-06,2018-06-13,2018-06-20,2018-06-27
20180943,꼬마영웅 바비,2018-06-06,2018-06-13,2018-06-20,2018-06-27
20184668,디트로이트,2018-06-07,2018-06-14,2018-06-21,2018-06-28
20185081,아이 필 프리티,2018-06-13,2018-06-20,2018-06-27,2018-07-04
20179086,쥬라기 월드: 폴른 킹덤,2018-06-13,2018-06-20,2018-06-27,2018-07-04
20135305,극장판 포켓몬스터DP - 디아루가 VS 펄기아 VS 다크라이,2018-06-13,2018-06-20,2018-06-27,2018-07-04
20184261,벅스 프렌즈,2018-06-13,2018-06-20,2018-06-27,2018-07-04
20184782,호비와 매직 아일랜드,2018-06-13,2018-06-20,2018-06-27,2018-07-04
20184801,유전,2018-06-14,2018-06-21,2018-06-28,2018-07-05
20184903,오션스8,2018-06-20,2018-06-27,2018-07-04,2018-07-11
20178161,탐정: 리턴즈,2018-06-20,2018-06-27,2018-07-04,2018-07-11
20184512,토니스토리2: 고철왕국의 친구들,2018-06-20,2018-06-27,2018-07-04,2018-07-11
20184699,바르다가 사랑한 얼굴들,2018-06-21,2018-06-28,2018-07-05,2018-07-12
20184762,류이치 사카모토: 코다,2018-06-21,2018-06-28,2018-07-05,2018-07-12
20184101,여중생A,2018-06-27,2018-07-04,2018-07-11,2018-07-18
20184689,아일라,2018-06-28,2018-07-05,2018-07-12,2018-07-19
20184845,미드나잇 선,2018-06-28,2018-07-05,2018-07-12,2018-07-19
20175527,더 펜션,2018-06-28,2018-07-05,2018-07-12,2018-07-19
20182001,개들의 섬,2018-06-28,2018-07-05,2018-07-12,2018-07-19
20185648,유니콘 원정대: 비밀의 다이어리,2018-06-28,2018-07-05,2018-07-12,2018-07-19
20185341,마녀,2018-07-04,2018-07-11,2018-07-18,2018-07-25
20172469,허스토리,2018-07-04,2018-07-11,2018-07-18,2018-07-25
20185001,빅샤크: 매직체인지,2018-07-04,2018-07-11,2018-07-18,2018-07-25
20184721,시카리오: 데이 오브 솔다도,2018-07-04,2018-07-11,2018-07-18,2018-07-25
20180522,앤트맨과 와스프,2018-07-11,2018-07-18,2018-07-25,2018-08-01
20174369,변산,2018-07-11,2018-07-18,2018-07-25,2018-08-01
20184904,드래곤 프린세스,2018-07-12,2018-07-19,2018-07-26,2018-08-02
20181443,스카이스크래퍼,2018-07-18,2018-07-25,2018-08-01,2018-08-08
20182564,"오늘 밤, 로맨스 극장에서",2018-07-18,2018-07-25,2018-08-01,2018-08-08
20175221,킬링 디어,2018-07-19,2018-07-26,2018-08-02,2018-08-09
20185599,꼬마 보트 토토: 타요 타요 배 타요,2018-07-19,2018-07-26,2018-08-02,2018-08-09
20180282,속닥속닥,2018-07-20,2018-07-27,2018-08-03,2018-08-10
20183361,인크레더블 2,2018-07-25,2018-08-01,2018-08-08,2018-08-15
20185621,호텔 아르테미스,2018-07-25,2018-08-01,2018-08-08,2018-08-15
20186282,이별의 아침에 약속의 꽃을 장식하자,2018-07-26,2018-08-02,2018-08-09,2018-08-16
20186001,신은 죽지 않았다 3: 어둠 속의 빛,2018-07-26,2018-08-02,2018-08-09,2018-08-16
20181181,미션 임파서블: 폴아웃,2018-08-01,2018-08-08,2018-08-15,2018-08-22
20185242,신비아파트: 금빛 도깨비와 비밀의 동굴,2018-08-01,2018-08-08,2018-08-15,2018-08-22
20170942,인랑,2018-08-01,2018-08-08,2018-08-15,2018-08-22
20187682,해적왕 작스톰,2018-08-01,2018-08-08,2018-08-15,2018-08-22
20186121,어느 가족,2018-08-02,2018-08-09,2018-08-16,2018-08-23
20186202,신과함께-인과 연,2018-08-08,2018-08-15,2018-08-22,2018-08-29
20186501,극장판 헬로카봇 : 백악기 시대,2018-08-08,2018-08-15,2018-08-22,2018-08-29
20179044,더 스퀘어,2018-08-09,2018-08-16,2018-08-23,2018-08-30
20181942,맘마미아!2,2018-08-15,2018-08-22,2018-08-29,2018-09-05
20179101,공작,2018-08-15,2018-08-22,2018-08-29,2018-09-05
20184802,몬스터 호텔 3,2018-08-15,2018-08-22,2018-08-29,2018-09-05
20187427,명탐정 코난 : 제로의 집행인,2018-08-15,2018-08-22,2018-08-29,2018-09-05
20183584,메가로돈,2018-08-22,2018-08-29,2018-09-05,2018-09-12
20170670,목격자,2018-08-22,2018-08-29,2018-09-05,2018-09-12
20187641,극장판 도라에몽: 진구의 보물섬,2018-08-22,2018-08-29,2018-09-05,2018-09-12
20187683,플로이,2018-08-22,2018-08-29,2018-09-05,2018-09-12
20187647,나를 차버린 스파이,2018-08-29,2018-09-05,2018-09-12,2018-09-19
20153446,너의 결혼식,2018-08-29,2018-09-05,2018-09-12,2018-09-19
20187657,마일22,2018-08-30,2018-09-06,2018-09-13,2018-09-20
20185046,서치,2018-09-05,2018-09-12,2018-09-19,2018-09-26
20177537,상류사회,2018-09-05,2018-09-12,2018-09-19,2018-09-26
20189362,업그레이드,2018-09-13,2018-09-20,2018-09-27,2018-10-04
20189261,어드리프트:우리가 함께한 바다,2018-09-13,2018-09-20,2018-09-27,2018-10-04
20188446,양말요정 휴고의 대모험,2018-09-13,2018-09-20,2018-09-27,2018-10-04
20156554,물괴,2018-09-19,2018-09-26,2018-10-03,2018-10-10
20188581,더 프레데터,2018-09-19,2018-09-26,2018-10-03,2018-10-10
20188342,바니부기: 드래곤 에그를 찾아서,2018-09-19,2018-09-26,2018-10-03,2018-10-10
20188567,더 게스트,2018-09-19,2018-09-26,2018-10-03,2018-10-10
20188242,타샤 튜더,2018-09-20,2018-09-27,2018-10-04,2018-10-11
20173734,죄 많은 소녀,2018-09-20,2018-09-27,2018-10-04,2018-10-11
20189262,더 넌,2018-09-26,2018-10-03,2018-10-10,2018-10-17
20177308,협상,2018-09-26,2018-10-03,2018-10-10,2018-10-17
20172204,명당,2018-09-26,2018-10-03,2018-10-10,2018-10-17
20176122,안시성,2018-09-26,2018-10-03,2018-10-10,2018-10-17
20189746,극장판 뽀잉: 슈퍼 변신의 비밀,2018-09-27,2018-10-04,2018-10-11,2018-10-18
20189268,루이스,2018-09-27,2018-10-04,2018-10-11,2018-10-18
20188304,극장판 요괴워치 섀도사이드: 도깨비왕의 부활,2018-09-27,2018-10-04,2018-10-11,2018-10-18
20185222,체실 비치에서,2018-09-27,2018-10-04,2018-10-11,2018-10-18
20180167,에그엔젤 코코밍: 두근두근 핼러윈 파티,2018-09-29,2018-10-06,2018-10-13,2018-10-20
20167903,원더풀 고스트,2018-10-03,2018-10-10,2018-10-17,2018-10-24
20189743,파이널 포트레이트,2018-10-04,2018-10-11,2018-10-18,2018-10-25
20179189,암수살인,2018-10-10,2018-10-17,2018-10-24,2018-10-31
20177221,베놈,2018-10-10,2018-10-17,2018-10-24,2018-10-31
20189123,곰돌이 푸 다시 만나 행복해,2018-10-10,2018-10-17,2018-10-24,2018-10-31
20189462,셜록 놈즈,2018-10-10,2018-10-17,2018-10-24,2018-10-31
20180523,스타 이즈 본,2018-10-16,2018-10-23,2018-10-30,2018-11-06
20180931,극장판 가면라이더 이그제이드: 트루 엔딩,2018-10-16,2018-10-23,2018-10-30,2018-11-06
20189331,리즈와 파랑새,2018-10-16,2018-10-23,2018-10-30,2018-11-06
20180770,다이노 어드벤처2: 육해공 공룡 대백과,2018-10-16,2018-10-23,2018-10-30,2018-11-06
20181262,노크: 초대받지 않은 손님,2018-10-18,2018-10-25,2018-11-01,2018-11-08
20189067,미쓰백,2018-10-18,2018-10-25,2018-11-01,2018-11-08
20188661,에브리데이,2018-10-18,2018-10-25,2018-11-01,2018-11-08
20180624,킨: 더 비기닝,2018-10-18,2018-10-25,2018-11-01,2018-11-08
20186321,퍼스트맨,2018-10-25,2018-11-01,2018-11-08,2018-11-15
20187521,펭귄 하이웨이,2018-10-25,2018-11-01,2018-11-08,2018-11-15
20184678,배반의 장미,2018-10-25,2018-11-01,2018-11-08,2018-11-15
20180628,액슬,2018-10-25,2018-11-01,2018-11-08,2018-11-15
20174981,창궐,2018-11-01,2018-11-08,2018-11-15,2018-11-22
20181669,윌리,2018-11-01,2018-11-08,2018-11-15,2018-11-22
20182403,크레이지 리치 아시안,2018-11-01,2018-11-08,2018-11-15,2018-11-22
20177538,완벽한 타인,2018-11-07,2018-11-14,2018-11-21,2018-11-28
20181171,바울,2018-11-07,2018-11-14,2018-11-21,2018-11-28
20185485,보헤미안 랩소디,2018-11-07,2018-11-14,2018-11-21,2018-11-28
20181404,벽 속에 숨은 마법시계,2018-11-07,2018-11-14,2018-11-21,2018-11-28
20180987,할로윈,2018-11-07,2018-11-14,2018-11-21,2018-11-28
20181879,나츠메 우인장: 세상과 연을 맺다,2018-11-07,2018-11-14,2018-11-21,2018-11-28
20189281,폴란드로 간 아이들,2018-11-07,2018-11-14,2018-11-21,2018-11-28
20181367,캡틴 스터비,2018-11-08,2018-11-15,2018-11-22,2018-11-29
20182693,구스범스: 몬스터의 역습,2018-11-14,2018-11-21,2018-11-28,2018-12-05
20170513,동네사람들,2018-11-14,2018-11-21,2018-11-28,2018-12-05
20182748,알리바이 닷 컴,2018-11-14,2018-11-21,2018-11-28,2018-12-05
20183063,박물관이 진짜 살아있다,2018-11-15,2018-11-22,2018-11-29,2018-12-06
20179006,여곡성,2018-11-15,2018-11-22,2018-11-29,2018-12-06
20176814,신비한 동물들과 그린델왈드의 범죄,2018-11-21,2018-11-28,2018-12-05,2018-12-12
20182935,출국,2018-11-21,2018-11-28,2018-12-05,2018-12-12
20183050,번 더 스테이지: 더 무비,2018-11-22,2018-11-29,2018-12-06,2018-12-13
20186822,너의 췌장을 먹고 싶어_20186822,2018-11-22,2018-11-29,2018-12-06,2018-12-13
20183009,로빈슨의 언더워터 어드벤처,2018-11-22,2018-11-29,2018-12-06,2018-12-13
20189869,해피 투게더,2018-11-22,2018-11-29,2018-12-06,2018-12-13
20184481,성난황소,2018-11-29,2018-12-06,2018-12-13,2018-12-20
20183073,베일리 어게인,2018-11-29,2018-12-06,2018-12-13,2018-12-20
20184514,꼬마비행기 피티와 친구들:사막구출 대작전,2018-11-29,2018-12-06,2018-12-13,2018-12-20
20182669,툴리,2018-11-29,2018-12-06,2018-12-13,2018-12-20
20183043,캡틴 샤키,2018-11-29,2018-12-06,2018-12-13,2018-12-20
20177552,국가부도의 날,2018-12-05,2018-12-12,2018-12-19,2018-12-26
20183007,거미줄에 걸린 소녀,2018-12-05,2018-12-12,2018-12-19,2018-12-26
20181905,후드,2018-12-05,2018-12-12,2018-12-19,2018-12-26
20182966,투 프렌즈,2018-12-06,2018-12-13,2018-12-20,2018-12-27
20178825,모털 엔진,2018-12-12,2018-12-19,2018-12-26,2019-01-02
20183745,런닝맨 : 풀룰루의 역습,2018-12-12,2018-12-19,2018-12-26,2019-01-02
20179230,도어락,2018-12-12,2018-12-19,2018-12-26,2019-01-02
20189843,호두까기 인형과 4개의 왕국,2018-12-13,2018-12-20,2018-12-27,2019-01-03
20183650,번개맨의 비밀,2018-12-13,2018-12-20,2018-12-27,2019-01-03
20183288,헌터 킬러,2018-12-13,2018-12-20,2018-12-27,2019-01-03
20184529,트와이스랜드,2018-12-14,2018-12-21,2018-12-28,2019-01-04
20183238,스파이더맨: 뉴 유니버스,2018-12-19,2018-12-26,2019-01-02,2019-01-09
20181764,모어 댄 블루,2018-12-19,2018-12-26,2019-01-02,2019-01-09
20182082,부탁 하나만 들어줘,2018-12-19,2018-12-26,2019-01-02,2019-01-09
20183685,엘리엇과 산타 썰매단,2018-12-19,2018-12-26,2019-01-02,2019-01-09
20175547,스윙키즈,2018-12-26,2019-01-02,2019-01-09,2019-01-16
20168773,마약왕,2018-12-26,2019-01-02,2019-01-09,2019-01-16
20180290,아쿠아맨,2018-12-26,2019-01-02,2019-01-09,2019-01-16
20182421,그린치,2018-12-26,2019-01-02,2019-01-09,2019-01-16
20183479,극장판 짱구는 못말려: 아뵤! 쿵후 보이즈 ~라면 대란~,2018-12-26,2019-01-02,2019-01-09,2019-01-16
20183375,극장판 포켓몬스터 모두의 이야기,2018-12-26,2019-01-02,2019-01-09,2019-01-16
20186281,범블비,2019-01-01,2019-01-08,2019-01-15,2019-01-22
20183785,점박이 한반도의 공룡2 : 새로운 낙원,2019-01-01,2019-01-08,2019-01-15,2019-01-22
20170658,PMC: 더 벙커,2019-01-02,2019-01-09,2019-01-16,2019-01-23
