,movieCd,movieNm
0,20157042,셜록: 유령신부
19,20153087,포인트 브레이크
20,20150024,짱구는 못말려 극장판: 나의 이사 이야기 선인장 대습격
21,20155422,굿 다이노
24,20142641,나를 잊지 말아요
47,20158882,유스
54,20159510,헤이트풀8
80,20152370,잡아야 산다
90,20154001,레버넌트: 죽음에서 돌아온 자
92,20157158,구스범스
96,20068576,그날의 분위기
153,20158483,오빠생각
154,20150566,극장판 꼬마버스 타요의 에이스 구출작전
158,20159199,빅쇼트
192,20150461,스티브 잡스
222,20157466,"로봇, 소리"
243,20151803,쿵푸팬더3
262,20159445,세기의 매치
273,20145507,검사외전
311,20159657,최강전사 미니특공대: 영웅의 탄생
312,20150942,캐롤
313,20159059,앨빈과 슈퍼밴드: 악동 어드벤처
328,20156080,나쁜놈은 죽는다
355,20150456,드레스메이커
356,20150725,극장판 아이엠스타 : 꿈의 오디션!
357,20150903,번개맨
378,20155501,주토피아
379,20150977,좋아해줘
382,20153781,데드풀
383,20158482,동주
481,20155020,대니쉬 걸
482,20151111,빌리와 용감한 녀석들: 치킨 히어로
587,20150565,스포트라이트
588,20161364,귀향
617,20151021,순정
662,20161382,레터스 투 갓
663,20161745,제 5침공
665,20145502,남과 여
679,20161630,13시간
680,20156063,룸
681,20159162,갓 오브 이집트
715,20145396,널 기다리며
716,20151884,런던 해즈 폴른
723,20161781,엽문3: 최후의 대결
724,20158529,조이
769,20162381,일사각오
770,20161881,부활
771,20161583,스푹스:MI5
776,20161968,오 마이 그랜파
812,20152781,배트맨 대 슈퍼맨: 저스티스의 시작
815,20159643,글로리데이
840,20161921,"헤일, 시저!"
861,20150902,대배우
862,20161905,나의 그리스식 웨딩 2
863,20162001,포레스트: 죽음의 숲
865,20161594,마음이 외치고 싶어해
867,20162161,미스컨덕트
903,20152782,"날, 보러와요"
904,20162065,클로버필드 10번지
906,20161964,독수리 에디
929,20162245,33
932,20161870,트럼보
947,20150470,라스트 홈
973,20145506,해어화
974,20142621,시간이탈자
983,20158984,헌츠맨: 윈터스 워
991,20162431,극장판 프랭키와 친구들: 생명의 나무
1009,20145182,4등
1048,20162321,트리플 9
1055,20162206,브루클린
1056,20162621,파라노말 액티비티: 더 고스트 디멘션
1057,20159641,위대한 소원
1087,20159364,캡틴 아메리카: 시빌 워
1088,20161842,태양 아래
1116,20162299,시크릿 인 데어 아이즈
1133,20142406,탐정 홍길동: 사라진 마을
1134,20162300,매직브러시
1136,20162542,다이노소어 어드벤처 : 백악기 공룡대백과
1138,20162704,극장판 안녕 자두야
1167,20162461,다이노X 탐험대
1200,20158888,45년 후
1203,20163137,나의 소녀시대
1205,20140194,곡성
1250,20143509,엽기적인 그녀 2
1251,20162627,다이버전트 시리즈: 얼리전트
1298,20156559,계춘할망
1300,20163018,싱 스트리트
1302,20156207,앵그리버드 더 무비
1339,20163182,하드코어 헨리
1342,20163322,동급생
1344,20163441,몽키킹2: 서유기 여정의 시작
1388,20150523,엑스맨: 아포칼립스
1392,20162569,오베라는 남자
1399,20153182,썸니아
1425,20144444,아가씨
1426,20163215,미 비포 유
1480,20158242,무서운 이야기 3 : 화성에서 온 소녀
1481,20162925,더 보이
1523,20163201,바다 탐험대 옥토넛 시즌4: 아슬아슬 구조대작전
1525,20163841,플래그 더 문
1526,20158150,워크래프트: 전쟁의 서막
1527,20162941,컨저링 2
1529,20162967,정글북
1539,20163164,본 투 비 블루
1545,20163981,극장판 유희왕 더 다크 사이드 오브 디멘션즈
1624,20159645,특별수사: 사형수의 편지
1626,20150385,닌자터틀 : 어둠의 히어로
1654,19818004,불의 전차
1657,20150782,인디펜던스 데이 : 리써전스
1667,20163202,크리미널
1686,20140704,비밀은 없다
1692,20150972,굿바이 싱글
1693,20154906,사냥
1694,20163661,레전드 오브 타잔
1750,20159058,도리를 찾아서
1751,20159644,봉이 김선달
1806,20163962,잔예 - 살아서는 안되는 방
1809,20150203,나우 유 씨 미 2
1810,20165201,언더 워터
1819,20163961,데몰리션
1835,20158982,트릭
1851,20162572,더 웨이브
1864,20165130,나의 산티아고
1879,20156564,부산행
1882,20161286,아이스 에이지: 지구 대충돌
1891,20164521,극장판 요괴워치: 염라대왕과 5개의 이야기다냥!
1966,20156250,인천상륙작전
1967,20163189,태풍이 지나가고
1970,20161907,제이슨 본
2001,20165561,빅
2048,20152963,수어사이드 스쿼드
2049,20156082,마이펫의 이중생활
2050,20150979,덕혜옹주
2070,20162002,명탐정 코난: 순흑의 악몽
2158,20150968,국가대표 2
2159,20154910,터널
2185,20165961,슈퍼 프렌즈
2202,20165281,마이 리틀 자이언트
2226,20167041,킹 오브 프리즘
2230,20148460,서울역
2231,20163043,갤럭시 히어로즈: 라쳇 앤 클랭크
2232,20150567,스타트렉 비욘드
2257,20165981,파워배틀 와치카 미니카 배틀리그: 불꽃의 질주
2264,20163217,라이트 아웃
2274,20166901,플로렌스
2292,20162404,고스트버스터즈
2293,20150901,올레
2311,20167261,메카닉: 리크루트
2318,20168182,머니 몬스터
2323,20167563,이퀄스
2337,20162968,거울나라의 앨리스
2338,20159648,"고산자, 대동여지도"
2339,20159646,밀정
2342,20165941,로빈슨 크루소
2344,20166721,장난감이 살아있다
2349,20166541,달빛궁궐
2449,20160041,인천상륙작전 : 익스텐디드 에디션(확장판)
2450,20167154,드림 쏭
2451,20163294,매그니피센트 7
2452,20167839,벤허
2456,20168401,카페 소사이어티
2489,20168721,아이엠스타 뮤직어워드
2521,20169122,아이 엠 어 히어로
2532,20162022,대결
2533,20163184,뉴 스텝업: 어반댄스
2542,20168885,브리짓 존스의 베이비
2543,20168891,설리: 허드슨강의 기적
2544,20164501,미스 페레그린과 이상한 아이들의 집
2553,20153443,아수라
2557,20160143,피터와 드래곤
2610,20168361,바다 탐험대 옥토넛 시즌4: 늪지탐험선K
2638,20164094,립반윙클의 신부
2670,20169764,백설공주 : 사라진 아빠를 찾아서
2671,20160761,돈 맛
2675,20167481,맨 인 더 다크
2689,20168822,디시에르토
2701,20161589,죽여주는 여자
2707,20167867,그물
2721,20153444,럭키
2723,20163041,자백
2734,20168501,바스티유 데이
2747,20160203,어카운턴트
2774,20160261,극장판 프리파라 모두 모여라! 프리즘☆투어즈
2782,20169028,토마스와 친구들: 용감한 기관차와 괴물소동
2811,20156007,인페르노
2823,20169986,미스터 캣
2836,20151022,걷기왕
2837,20161201,키즈모노가타리 II : 열혈편
2849,20162545,"무현, 두 도시 이야기"
2850,20163181,닥터 스트레인지
2863,20150564,혼숨
2897,20160781,쿠보와 전설의 악기
2940,20160862,선생님의 일기
2950,20161796,극장판 파워레인저: 닌자포스 VS 트레인포스 닌자 인 원더랜드
2951,20161527,로스트 인 더스트
2952,20162609,인어공주 : 새로운 모험의 시작
2956,20161165,무한대를 본 남자
2970,20163521,스플릿
2971,20161843,위자: 저주의 시작
2988,20162147,세상에서 고양이가 사라진다면
3016,20162504,감바의 대모험
3018,20169730,당신자신과 당신의 것
3027,20163155,바후발리 : 더 비기닝
3028,20162365,신비한 동물사전
3031,20154905,가려진 시간
3032,20162629,하이큐!! 끝과 시작
3067,20162928,카페 6
3105,20161603,순종
3108,20164169,드래곤 네스트: 평화 기사단 VS 블랙 드래곤
3110,20159286,연애담
3113,20154661,형
3137,20161162,블레어 위치
3154,20163824,미스 사이공 : 25주년 특별 공연
3155,20163903,리틀메딕: 몸속탐험대
3157,20162787,테일 오브 테일즈
3173,20166363,잭 리처: 네버 고 백
3174,20160472,두 남자
3175,20153741,미씽: 사라진 여자
3183,20162207,도성풍운 3
3199,20161605,언더월드: 블러드 워
3212,20167628,캡틴 판타스틱
3230,20166462,신밧드 더 무비
3232,20167904,라라랜드
3233,20144641,판도라
3239,20163884,아기배달부 스토크
3381,20161763,"나, 다니엘 블레이크"
3383,20162382,원피스 필름 골드
3387,20157064,커튼콜
3396,20163856,호비와 동화나라 대모험
3406,20152371,"당신, 거기 있어줄래요"
3409,20155223,목숨 건 연애
3439,20164388,스노우타임
3441,20161725,마스터
3443,20162025,씽
3469,20165285,극장판 도라에몽: 신 진구의 버스 오브 재팬
3516,20162183,포켓몬 더 무비 XY&Z 「볼케니온 : 기계왕국의 비밀」
3517,20160221,에곤 쉴레: 욕망이 그린 그림
3534,20163183,로그 원: 스타워즈 스토리
3535,20162727,루돌프와 많이있어
3538,20165543,하이큐!! 승자와 패자
3559,20161872,너의 이름은.
3562,20165153,눈의 여왕 3: 눈과 불의 마법대결
3587,20150966,사랑하기 때문에
3589,20161084,패신저스
3595,20151181,여교사
3655,20164421,어쌔신 크리드
3656,20168381,얼라이드
3661,20168324,반지의 제왕 : 반지원정대 (확장판)
3680,20165443,모아나
3681,20163014,7년-그들이 없는 언론
3715,20168664,반지의 제왕 : 두개의 탑 (확장판)
3716,20151228,공조
3717,20163845,터닝메카드W: 블랙미러의 부활
3719,20151229,더 킹
3723,20163186,단지 세상의 끝
3814,20167285,짱구는 못말려 극장판: 폭풍수면! 꿈꾸는 세계 대돌격
3815,20168154,딥워터 호라이즌
3816,20168688,레지던트 이블: 파멸의 날
3817,20168689,반지의 제왕 : 왕의 귀환 (확장판)
3818,20165822,매기스 플랜
3829,20168366,바다 탐험대 옥토넛 시즌4: 바다 괴물 대소동
3851,20167324,라이언
3852,20154342,뚜르: 내 생애 최고의 49일
3861,20179281,컨택트
3875,20167716,트리플 엑스 리턴즈
3880,20178881,명탐정 코난: 에피소드 원-작아진 명탐정
3897,20161141,50가지 그림자: 심연
3898,20150964,조작된 도시
3900,20167644,발레리나
3918,20162873,레고 배트맨 무비
3958,20163580,그레이트 월
3959,20166421,재심
3967,20167362,더 큐어
3975,20161366,"그래, 가족"
4012,20161744,트롤
4015,20167906,마이펫 오지
4037,20170241,23 아이덴티티
4038,20166101,존 윅 - 리로드
4039,20165927,문라이트
4040,20167922,핵소 고지
4043,20156562,루시드 드림
4046,20161723,싱글라이더
4113,20170509,극장판 소드 아트 온라인 -오디널 스케일-
4117,20166468,사일런스
4127,20161827,로건
4128,20158799,눈길
4129,20150971,해빙
4187,20168183,콩: 스컬 아일랜드
4192,20168750,파도가 지나간 자리
4223,20170761,걸 온 더 트레인
4229,20164721,미녀와 야수
4259,20167905,비정규직 특수요원
4261,20178942,스페이스 비트윈 어스
4291,20170221,골드
4292,20168742,아우토반
4300,20167363,히든 피겨스
4301,20162181,프리즌
4307,20167902,보통사람
4333,20179442,밤의 해변에서 혼자
4347,20171801,극장판 암살교실 : 365일의 시간
4350,20171661,아기돼지 3형제와 매직램프
4355,20170382,개구리왕국 2
4407,20163194,공각기동대 : 고스트 인 더 쉘
4409,20151230,원라인
4410,20167005,데스노트: 더 뉴 월드
4411,20167364,미스 슬로운
4455,20164926,분노
4456,20167901,어느날
4457,20171381,라이프
4463,20161923,시간위의 집
4499,20171781,패트리어트 데이
4501,20173444,링스
4502,20162607,슈퍼 버드
4510,20151227,아빠는 딸
4512,20167542,분노의 질주: 더 익스트림
4566,20173690,흑집사 -북 오브 더 아틀란틱-
4567,20170741,지니어스
4570,20173601,리틀 프린세스 소피아: 엘레나와 비밀의 아발로 왕국
4571,20174023,극장판 어드벤처 타임: 비밀의 아일랜드
4581,20172541,오두막
4582,20179662,파워레인져스: 더 비기닝
4584,20174561,더 플랜
4585,20172125,파운더
4586,20173121,콜로설
4594,20172641,마리안느와 마가렛
4607,20175461,암살교실: 졸업편
4608,20161726,임금님의 사건수첩
4611,20173301,"서서평, 천천히 평온하게"
4612,20162871,특별시민
4634,20164829,나는 부정한다
4665,20174165,극장판 또봇: 로봇군단의 습격
4667,20175142,극장판 쿠로코의 농구 라스트 게임
4685,20161665,스머프: 비밀의 숲
4699,20162722,보안관
4700,20174061,보스 베이비
4705,20163603,가디언즈 오브 갤럭시 VOL. 2
4759,20173061,슈퍼 빼꼼: 스파이 대작전
4772,20163185,언노운 걸
4798,20174501,오즈의 마법사 2
4806,20156708,석조저택 살인사건
4807,20179382,에이리언: 커버넌트
4810,20170321,목소리의 형태
4858,20174644,길
4859,20175262,겟 아웃
4864,20164844,불한당: 나쁜 놈들의 세상
4868,20173961,킹 아서: 제왕의 검
4933,20172522,정글북
4934,20174721,로스트 인 파리
4937,20170982,캐리비안의 해적: 죽은 자는 말이 없다
4969,20174602,노무현입니다
4972,20173642,너와 100번째 사랑
5024,20169348,대립군
5026,20168261,원더 우먼
5050,20174803,7번째 내가 죽던 날
5062,20160483,꿈의 제인
5080,20176141,베이블레이드 버스트 갓 : 갓 발키리의 탄생
5081,20174821,바다 탐험대 옥토넛 시즌4: 더 파이널
5084,20175581,파워배틀 와치카: 와치가면의 역습
5094,20166488,미이라
5123,20162343,악녀
5138,20168041,용순
5139,20173833,심야식당 2
5157,20176983,킹 오브 프리즘 - 프라이드 더 히어로
5160,20166384,하루
5163,20175662,엘르
5166,20172241,꼬마돼지 베이브의 대모험
5167,20175423,나의 붉은고래
5172,20176741,꼬마참새 리차드: 아프리카 원정대
5205,20166967,트랜스포머: 최후의 기사
5231,20175982,다크 하우스
5232,20175821,언더더씨
5234,20176201,더 서클
5250,20178982,박열
5251,20159647,리얼
5257,20176961,지랄발광 17세
5312,20158485,옥자
5316,20178121,부니베어: 로거빅 컴백홈 프로젝트
5328,20177202,토마스와 친구들: 수수께끼 해적선과 보물찾기
5341,20167303,스파이더맨: 홈 커밍
5377,20176102,그 후
5379,20176511,베를린 신드롬
5383,20177501,플립
5384,20174801,내 사랑
5433,20175522,카3: 새로운 도전
5435,20176562,예수는 역사다
5466,20177181,47 미터
5480,20176781,내가 죽기 전에 가장 듣고 싶은 말
5481,20164621,덩케르크
5483,20178321,극장판 짱구는 못말려 : 습격!! 외계인 덩덩이
5488,20177761,오즈: 신기한 마법가루
5507,20177701,위시 어폰
5536,20173403,슈퍼배드 3
5541,20161481,군함도
5594,20178646,송 투 송
5597,20162869,택시운전사
5605,20170124,명탐정 코난:진홍의 연가
5637,20179186,이모티: 더 무비
5676,20178762,파리로 가는 길
5689,20162442,청년경찰
5696,20178641,빅풋 주니어
5748,20161081,애나벨 : 인형의 주인
5749,20179085,극장판 도라에몽: 진구의 남극 꽁꽁 대모험
5779,20179901,혹성탈출: 종의 전쟁
5782,20179226,드래곤 스펠: 마법 꽃의 비밀
5806,20179187,공범자들
5811,20151003,장산범
5854,20170022,다크타워: 희망의 탑
5855,20164174,브이아이피
5877,20165001,더 테이블
5879,20170389,극장판 위 베어 베어스: 곰 브라더스
5882,20158047,발레리안: 천 개 행성의 도시
5883,20179407,로마의 휴일
5884,20171962,킬러의 보디가드
5893,20179491,아토믹 블론드
5924,20166132,김광석
5964,20154909,살인자의 기억법
5968,20179696,그것
5995,20170268,매혹당한 사람들
6019,20171923,저수지 게임
6021,20171022,극장판 에그엔젤 코코밍: 푸르밍과 두근두근 코코밍 세계
6023,20172148,몬스터 섬의 비밀
6042,20171090,베이비 드라이버
6044,20177541,아메리칸 메이드
6045,20160703,"좋아해, 너를"
6053,20170607,몬스터 콜
6064,20170302,윈드 리버
6094,20173945,인비저블 게스트
6095,20174142,아이 캔 스피크
6124,20168241,잃어버린 도시 Z
6154,20175222,킹스맨: 골든 서클
6155,20172142,극장판 요괴워치: 하늘을 나는 고래와 더블세계다냥!
6158,20171312,우리의 20세기
6174,20169463,다시 태어나도 우리
6201,20170364,레고 닌자고 무비
6203,20172627,리틀 프린세스 소피아 : 신비한 섬
6218,20172742,범죄도시
6220,20165450,남한산성
6226,20171817,넛잡 2
6285,20171369,매직울프
6287,20170964,딥
6347,20173092,어메이징 메리
6350,20154907,희생부활자
6351,20168282,블레이드 러너 2049
6353,20176767,"나는 내일, 어제의 너와 만난다"
6357,20172942,나의 엔젤
6390,20175943,주키퍼스 와이프
6397,20164424,대장 김창수
6398,20173694,지오스톰
6399,20172064,마더!
6401,20173806,노 게임 노 라이프 -제로-
6425,20176761,잠깐만 회사 좀 관두고 올게
6447,20171024,너의 췌장을 먹고 싶어
6450,20175121,토르: 라그나로크
6504,20164481,유리정원
6518,20175208,뷰티풀 투모로우
6519,20174103,배저로와 친구들: 신비한 모험
6528,20173724,직쏘
6529,20169643,침묵
6530,20172603,부라더
6532,20173612,메소드
6533,20173804,배드 지니어스
6553,20177342,내게 남은 사랑을
6568,20174902,신서유기 : 몽키킹의 부활
6586,20174622,해피 데스데이
6615,20179942,러빙 빈센트
6616,20175441,채비
6618,20161681,미옥
6622,20175244,극장판 파워레인저: 애니멀포스 VS 닌자포스 미래에서 온 메시지 
6633,20173931,리빙보이 인 뉴욕
6690,20168754,7호실
6691,20168221,저스티스 리그
6696,20174778,하이큐!! 재능과 센스
6728,20175611,페이트 스테이 나이트 헤븐즈필 제1장 프레시지 플라워
6730,20165748,꾼
6749,20174222,키드냅
6769,20175223,래빗 스쿨
6770,20173903,역모-반란의 시대
6771,20175288,피터와 모글리의 크리스마스 어드벤처
6778,20161762,반드시 잡는다
6779,20178581,오리엔트 특급 살인
6780,20173581,기억의 밤
6838,20174073,빅 배드 폭스
6839,20174846,뽀로로 극장판 공룡섬 대모험
6842,20174585,메리와 마녀의 꽃
6848,20170272,산상수훈
6849,20173693,어쌔신: 더 비기닝
6889,20175903,은혼
6903,20170402,강철비
6904,20170443,스타워즈: 라스트 제다이
6936,20175481,튤립 피버
6941,20176367,극장판 숲의 요정 페어리루 ~크리스마스의 기적: 마법의 날개~
6969,20150976,신과함께-죄와 벌
6972,20179462,위대한 쇼맨
7079,20174965,극장판 포켓몬스터 너로 정했다!
7081,20176082,몬스터 패밀리
7084,20176049,패터슨
7087,20176022,더 크리스마스
7123,20170590,1987
7128,20176947,원더
7197,20177479,극장판 프리파라 모두의 동경♪ 렛츠고☆프리파리
7203,20177104,페르디난드
7205,20171909,쥬만지: 새로운 세계
7239,20179985,코코
7259,20173547,다운사이징
7262,20177602,"쏘아올린 불꽃, 밑에서 볼까? 옆에서 볼까?"
7292,20179286,하이큐!! 콘셉트의 싸움
7300,20175054,메이즈 러너: 데스 큐어
7304,20176104,그것만이 내 세상
7329,20178228,다키스트 아워
7368,20189525,젝스키스 에이틴
7370,20173662,리틀 뱀파이어
7377,20178808,주문은 토끼입니까?? ~디어 마이 시스터~
7380,20168161,1급기밀
7382,20177473,비밥바룰라
7383,20178230,커뮤터
7404,20178444,극장판 레이디버그: 미라클스톤의 비밀
7408,20178126,인시디어스4: 라스트 키
7409,20168323,염력
7410,20178395,12 솔져스
7451,20178469,올 더 머니
7452,20179228,마야2
7461,20189901,더 포리너
7465,20179205,조선명탐정: 흡혈괴마의 비밀
7468,20178672,패딩턴 2
7493,20179106,겨울왕국의 무민
7505,20189761,터닝메카드W: 반다인의 비밀 특별판
7513,20176121,흥부: 글로 세상을 바꾼 자
7514,20170561,블랙 팬서
7515,20078561,명탐정 코난:감벽의 관
7517,20168250,골든슬럼버
7584,20180542,50가지 그림자: 해방
7596,20173436,셰이프 오브 워터: 사랑의 모양
7599,20177946,월요일이 사라졌다
7625,20189882,반딧불이 딘딘
7647,20170841,리틀 포레스트
7650,20150969,궁합
7652,20189861,더 포스트
7687,20180341,레드 스패로
7689,20189663,게이트
7694,20179731,나미야 잡화점의 기적
7739,20178781,사라진 밤
7744,20178490,온리 더 브레이브
7752,20176070,플로리다 프로젝트
7774,20180564,툼레이더
7787,20170669,지금 만나러 갑니다
7788,20172244,치즈인더트랩
7791,20180082,로건 럭키
7796,20180302,허리케인 하이스트
7856,20178449,쓰리 빌보드
7870,20174603,퍼시픽 림: 업라이징
7885,20173962,소공녀
7886,20181366,미니특공대X
7888,20178522,콜 미 바이 유어 네임
7925,20154908,7년의 밤
7926,20171122,레디 플레이어 원
7929,20180804,곤지암
7970,20181621,막달라 마리아: 부활의 증인
8009,20178424,레이디 버드
8019,20153447,바람 바람 바람
8022,20181561,덕구
8025,20182021,번개맨과 신비의 섬
8059,20182922,문호 스트레이독스 [데드 애플]
8079,20176917,램페이지
8080,20182352,"그날, 바다"
8081,20165045,머니백
8082,20181788,콰이어트 플레이스
8123,20182221,스파키
8147,20182327,달링
8171,20177266,나를 기억해
8172,20182360,정글번치: 최강 악당의 등장
8173,20182701,크리미널 스쿼드
8174,20181603,무문관
8175,20182494,몬태나
8184,20177962,당신의 부탁
8192,20177478,어벤져스: 인피니티 워
8193,20182561,당갈
8248,20167007,살인소설
8259,20182990,아기곰 보보 구출 대작전
8262,20176101,클레어의 카메라
8276,20183195,레오나르도 다 빈치
8290,20189783,챔피언
8313,20182385,매직빈
8314,20176067,"부르고뉴, 와인에서 찾은 인생"
8316,20182989,커다랗고 커다랗고 커다란 배
8318,20182984,얼리맨
8319,20176069,원더스트럭
8357,20183307,샷 콜러
8358,20177005,레슬러
8386,20137352,루비 스팍스
8388,20183083,중2병이라도 사랑이 하고 싶어! 테이크 온 미
8393,20159102,씨 오브 트리스
8396,20181823,보리 vs 매켄로
8400,20183084,피터 래빗
8401,20182046,"안녕, 나의 소녀"
8402,20176848,데드풀 2
8415,20182323,임을 위한 행진곡
8478,20173202,버닝
8482,20183321,마징가 Z: 인피니티
8486,20183381,5.18 힌츠페터 스토리
8491,20183741,다이노 헌터: 티렉스VS파키리노 대격돌
8514,20179383,독전
8517,20183801,트루스 오어 데어
8576,20180789,한 솔로: 스타워즈 스토리
8583,20184513,위 베어 베어스: 베이비 베어스
8591,20183384,서산개척단
8592,20184132,"세라비, 이것이 인생!"
8593,20173865,데자뷰
8595,20176053,"스탠바이, 웬디"
8599,20180943,꼬마영웅 바비
8611,20184668,디트로이트
8615,20185081,아이 필 프리티
8616,20179086,쥬라기 월드: 폴른 킹덤
8625,20135305,극장판 포켓몬스터DP - 디아루가 VS 펄기아 VS 다크라이
8651,20184261,벅스 프렌즈
8657,20184782,호비와 매직 아일랜드
8687,20184801,유전
8701,20184903,오션스8
8703,20178161,탐정: 리턴즈
8705,20184512,토니스토리2: 고철왕국의 친구들
8772,20184699,바르다가 사랑한 얼굴들
8773,20184762,류이치 사카모토: 코다
8776,20184101,여중생A
8789,20184689,아일라
8790,20184845,미드나잇 선
8808,20175527,더 펜션
8819,20182001,개들의 섬
8831,20185648,유니콘 원정대: 비밀의 다이어리
8839,20185341,마녀
8842,20172469,허스토리
8847,20185001,빅샤크: 매직체인지
8851,20184721,시카리오: 데이 오브 솔다도
8935,20180522,앤트맨과 와스프
8939,20174369,변산
8986,20184904,드래곤 프린세스
8987,20181443,스카이스크래퍼
8993,20182564,"오늘 밤, 로맨스 극장에서"
9005,20175221,킬링 디어
9014,20185599,꼬마 보트 토토: 타요 타요 배 타요
9016,20180282,속닥속닥
9026,20183361,인크레더블 2
9046,20185621,호텔 아르테미스
9049,20188042,독전: 익스텐디드 컷
9068,20186282,이별의 아침에 약속의 꽃을 장식하자
9069,20186001,신은 죽지 않았다 3: 어둠 속의 빛
9086,20181181,미션 임파서블: 폴아웃
9087,20185242,신비아파트: 금빛 도깨비와 비밀의 동굴
9096,20170942,인랑
9157,20187682,해적왕 작스톰
9161,20186121,어느 가족
9180,20186202,신과함께-인과 연
9181,20186501,극장판 헬로카봇 : 백악기 시대
9249,20179044,더 스퀘어
9252,20181942,맘마미아!2
9253,20179101,공작
9257,20184802,몬스터 호텔 3
9271,20187427,명탐정 코난 : 제로의 집행인
9377,20183584,메가로돈
9378,20170670,목격자
9381,20187641,극장판 도라에몽: 진구의 보물섬
9396,20187683,플로이
9432,20187647,나를 차버린 스파이
9433,20153446,너의 결혼식
9483,20187657,마일22
9490,20185046,서치
9497,20177537,상류사회
9550,20189362,업그레이드
9552,20189261,어드리프트:우리가 함께한 바다
9560,20188446,양말요정 휴고의 대모험
9572,20156554,물괴
9578,20188581,더 프레데터
9591,20188342,바니부기: 드래곤 에그를 찾아서
9596,20188567,더 게스트
9598,20188242,타샤 튜더
9599,20173734,죄 많은 소녀
9601,20189262,더 넌
9602,20177308,협상
9603,20172204,명당
9610,20176122,안시성
9714,20189746,극장판 뽀잉: 슈퍼 변신의 비밀
9715,20189268,루이스
9716,20188304,극장판 요괴워치 섀도사이드: 도깨비왕의 부활
9733,20185222,체실 비치에서
9746,20180167,에그엔젤 코코밍: 두근두근 핼러윈 파티
9754,20167903,원더풀 고스트
9768,20189743,파이널 포트레이트
9771,20179189,암수살인
9772,20177221,베놈
9774,20189123,곰돌이 푸 다시 만나 행복해
9816,20189462,셜록 놈즈
9873,20180523,스타 이즈 본
9877,20180931,극장판 가면라이더 이그제이드: 트루 엔딩
9878,20189331,리즈와 파랑새
9881,20180770,다이노 어드벤처2: 육해공 공룡 대백과
9915,20181262,노크: 초대받지 않은 손님
9916,20189067,미쓰백
9924,20188661,에브리데이
9932,20180624,킨: 더 비기닝
9961,20186321,퍼스트맨
9964,20187521,펭귄 하이웨이
9966,20184678,배반의 장미
9971,20180628,액슬
9990,20174981,창궐
10005,20181669,윌리
10006,20182403,크레이지 리치 아시안
10020,20177538,완벽한 타인
10023,20181171,바울
10025,20185485,보헤미안 랩소디
10145,20181404,벽 속에 숨은 마법시계
10147,20180987,할로윈
10151,20181879,나츠메 우인장: 세상과 연을 맺다
10208,20189281,폴란드로 간 아이들
10226,20181367,캡틴 스터비
10227,20182693,구스범스: 몬스터의 역습
10228,20170513,동네사람들
10229,20182748,알리바이 닷 컴
10247,20183063,박물관이 진짜 살아있다
10248,20179006,여곡성
10256,20176814,신비한 동물들과 그린델왈드의 범죄
10266,20182935,출국
10292,20183050,번 더 스테이지: 더 무비
10296,20186822,너의 췌장을 먹고 싶어
10304,20183009,로빈슨의 언더워터 어드벤처
10309,20189869,해피 투게더
10321,20184481,성난황소
10322,20183073,베일리 어게인
10324,20184514,꼬마비행기 피티와 친구들:사막구출 대작전
10331,20182669,툴리
10340,20183043,캡틴 샤키
10373,20177552,국가부도의 날
10391,20183007,거미줄에 걸린 소녀
10392,20181905,후드
10420,20182966,투 프렌즈
10423,20178825,모털 엔진
10424,20183745,런닝맨 : 풀룰루의 역습
10425,20179230,도어락
10463,20189843,호두까기 인형과 4개의 왕국
10464,20183650,번개맨의 비밀
10472,20183288,헌터 킬러
10489,20184529,트와이스랜드
10490,20183238,스파이더맨: 뉴 유니버스
10497,20181764,모어 댄 블루
10498,20182082,부탁 하나만 들어줘
10500,20183685,엘리엇과 산타 썰매단
10528,20175547,스윙키즈
10529,20168773,마약왕
10531,20180290,아쿠아맨
10533,20182421,그린치
10535,20183479,극장판 짱구는 못말려: 아뵤! 쿵후 보이즈 ~라면 대란~
10585,20183375,극장판 포켓몬스터 모두의 이야기
10641,20186281,범블비
10643,20183785,점박이 한반도의 공룡2 : 새로운 낙원
10681,20170658,PMC: 더 벙커
