,movieCd,movieNm,point,viewer
0,20112207,미션임파서블:고스트프로토콜,8.73,"7,508,976 명"
1,20110295,마이 웨이,스웨덴,"2,142,670 명"
2,20112621,셜록홈즈 : 그림자 게임,8.00,"2,239,156 명"
3,20113260,퍼펙트 게임,8.94,"1,507,084 명"
4,20113271,프렌즈: 몬스터섬의비밀 ,8.87,"549,904 명"
5,19940256,라이온 킹,8.27,"4,743,264 명"
6,20113381,오싹한 연애,8.54,"3,009,406 명"
7,20112709,극장판 포켓몬스터 베스트 위시「비크티니와 백의 영웅 레시라무」,7.79,0
8,20113311,앨빈과 슈퍼밴드3,8.39,"570,150 명"
9,20112708,극장판 포켓몬스터 베스트 위시 「비크티니와 흑의 영웅 제크로무」,8.11,0
41,20113671,원더풀 라디오,7.58,"986,287 명"
45,20113652,다크아워,5.79,0
89,20113636,네버엔딩 스토리,7.42,"6,181 명"
99,20113643,파파,아제르바이잔,"587,291 명"
102,20113862,장화신은 고양이,미국,"2,080,445 명"
106,20110882,밀레니엄 : 여자를 증오한 남자들,8.08,"443,855 명"
117,20113883,초한지 - 천하대전,7.77,"94,652 명"
118,20113811,코알라 키드 : 영웅의 탄생,8.65,"206,528 명"
171,20113743,댄싱퀸,8.87,"4,058,225 명"
172,20113535,부러진 화살,8.92,"3,460,212 명"
174,20113951,페이스메이커,8.83,"467,697 명"
177,20113472,우리는 동물원을 샀다,8.90,"276,334 명"
179,20112945,여성다큐멘터리스트-반이다1,0,0
181,20113653,잃어버린 세계를 찾아서 2: 신비의 섬,7.11,"1,149,628 명"
253,20100215,점박이:한반도의 공룡3D,7.61,"1,051,710 명"
320,20113557,범죄와의 전쟁: 나쁜놈들 전성시대,8.62,"4,720,060 명"
325,20113911,해피 피트 2,8.98,"185,744 명"
327,20113881,하이힐을 신고 달리는 여자,7.70,"71,725 명"
394,20124134,팅커 테일러 솔저 스파이,8.20,"88,986 명"
395,20124099,워 호스,9.45,0
396,19990216,스타워즈:에피소드1 보이지 않는 위험 ,7.93,"110,702 명"
397,20113920,토르: 마법망치의 전설,5.63,"768,658 명"
439,20113975,우먼 인 블랙,5.91,"9,486 명"
460,20110249,하울링,6.77,"1,612,554 명"
462,20124021,더 그레이,7.64,"292,267 명"
467,20113890,고스트 라이더 : 복수의 화신,5.80,"117,265 명"
522,20124420,맨 온 렛지,7.29,"591,841 명"
524,20124746,언더월드 4: 어웨이크닝,7.76,"200,038 명"
529,20113982,레전드 오브 래빗,7.24,"24,351 명"
536,20113912,철의 여인,7.95,"144,401 명"
590,20113916,러브픽션,6.72,"1,726,227 명"
592,20124096,디스 민즈 워,8.21,"873,396 명"
597,20124609,액트 오브 밸러: 최정예 특수부대 ,8.33,"139,541 명"
598,20124449,세이프 하우스,7.90,"163,730 명"
599,20124738,돌아온 파워레인저 미라클포스,7.21,"56,454 명"
619,20113918,아티스트,8.16,"6,089 명"
629,20124551,휴고,7.76,"60,561 명"
659,20111774,가비,독일,"270,602 명"
668,20124629,존 카터: 바숨 전쟁의 서막 ,7.56,"838,126 명"
670,20124050,화차,8.01,"2,436,884 명"
696,20124726,스탠리의 도시락 ,8.25,"47,856 명"
725,20124074,건축학개론,8.67,"4,113,696 명"
731,20124874,서약,8.22,"239,483 명"
741,20124666,크로니클,7.60,"384,398 명"
748,20124932,저스티스,미국,"44,546 명"
759,20112808,말하는 건축가,9.02,"39,746 명"
789,20124051,시체가 돌아왔다,7.42,"986,923 명"
812,20124142,언터처블: 1%의 우정,0,"1,721,611 명"
817,20124873,콘트라밴드,7.29,"52,743 명"
838,20124939,스페이스 독,7.31,"42,720 명"
881,20124717,타이탄의 분노,6.85,"893,027 명"
888,20124127,헝거게임: 판엠의 불꽃,7.19,"608,273 명"
927,20068590,인류멸망 보고서,4.85,"97,916 명"
935,20124032,간기남,6.90,"1,246,185 명"
946,20100752,달팽이의 별,9.03,"20,081 명"
954,19980074,타이타닉,9.37,"429,511 명"
957,20125106,코난: 암흑의 시대,7.82,"33,684 명"
958,20111416,두레소리,8.82,"35,340 명"
968,20101371,종착역,"프랑스, 루마니아",0
1001,20112134,배틀쉽,미국,"2,241,687 명"
1009,20113556,"봄, 눈",7.33,"22,870 명"
1015,19920231,미녀와 야수,8.78,"5,138,328 명"
1068,20124045,코리아,8.55,"1,872,682 명"
1088,20124066,은교,7.08,"1,346,511 명"
1097,20125126,킹메이커,한국,"44,965 명"
1098,20113201,하트 브레이커,7.53,"40,975 명"
1139,20125307,하늘이 보내준 딸,8.68,"16,875 명"
1150,20124721,어벤져스,8.96,"13,934,604 명"
1167,20125426,백설공주,7.41,"55,425 명"
1168,20125427,짱구는 못말려 극장판: 태풍을 부르는 황금스파이 대작전,8.29,"272,062 명"
1236,20113889,로렉스,8.54,"298,780 명"
1237,20125866,다크 섀도우,5.86,"582,126 명"
1259,20125915,장화신은 고양이 디 오리지널,5.52,"4,947 명"
1277,20113885,맨 인 블랙 3,8.18,"3,379,764 명"
1299,20113554,내 아내의 모든 것,8.57,"4,598,985 명"
1308,20125649,데인저러스 메소드,8.36,"27,835 명"
1348,20125486,머신건 프리처,8.01,"26,640 명"
1357,20124064,돈의 맛,6.79,"1,166,025 명"
1375,20125907,콜드 라잇 오브 데이,6.24,"88,522 명"
1379,20125467,레이드 : 첫번째 습격,7.83,"21,761 명"
1417,20113533,후궁 : 제왕의 첩,6.87,"2,636,385 명"
1428,20124065,차형사,7.45,"1,346,754 명"
1465,20113745,스노우 화이트 앤 더 헌츠맨,7.43,"636,631 명"
1466,20125806,극장판 썬더일레븐GO : 궁극의 우정 그리폰,9.01,"84,255 명"
1496,20110312,미확인 동영상 : 절대클릭금지,6.16,"867,386 명"
1509,20124136,마다가스카3 : 이번엔 서커스다!,9.02,"1,635,088 명"
1519,20124350,다른나라에서,6.91,"31,143 명"
1529,20126026,블루 발렌타인,8.32,"16,032 명"
1563,20125086,프로메테우스,7.74,"971,482 명"
1628,20124055,아부의 왕,5.64,"497,880 명"
1629,20124946,락아웃: 익스트림미션,6.47,"462,176 명"
1656,20125646,사다코 3D : 죽음의 동영상,4.17,"122,382 명"
1659,20126617,더 씽,7.88,"50,839 명"
1720,20113532,미쓰GO,5.14,"611,685 명"
1728,20126413,페이스 블라인드,미국,"88,977 명"
1790,20126077,어메이징 스파이더맨,7.74,"4,168,353 명"
1793,20126566,캐빈 인 더 우즈,7.02,"228,433 명"
1798,20127108,모모와 다락방의 수상한 요괴들,8.11,"300,333 명"
1809,20113553,I AM,영국,"33,018 명"
1819,20124061,두 번의 결혼식과 한 번의 장례식,8.09,"51,120 명"
1838,20113821,더 레이븐,미국,"153,581 명"
1839,20125916,두 개의 달,"미국, 한국","426,706 명"
1848,20112443,두 개의 문,5.17,"73,807 명"
1849,20124062,연가시,7.18,"4,516,063 명"
1865,20126686,미드나잇 인 파리,8.54,"377,360 명"
1866,20126410,헤이와이어,6.75,"54,874 명"
1933,20113391,나는 공무원이다,6.13,"217,866 명"
1935,20126745,리미트리스,8.19,"121,538 명"
1936,20126470,베스트 엑조틱 메리골드 호텔,"미국, 영국","56,584 명"
1939,20127211,스트리트 댄스 2: 라틴배틀,6.91,"39,394 명"
2000,20112703,다크 나이트 라이즈,9.02,"6,399,303 명"
2003,20124058,5백만불의 사나이,4.99,"104,736 명"
2005,20127306,명탐정 코난: 11번째 스트라이커,8.62,"525,169 명"
2019,20124034,도둑들,7.62,"12,984,692 명"
2062,20126667,아이스 에이지 4: 대륙 이동설,8.24,"1,648,110 명"
2064,20124349,무서운 이야기,5.80,"97,804 명"
2066,20124067,바람과 함께 사라지다,7.59,"4,909,950 명"
2067,20127266,극장판 도라에몽: 진구와 기적의 섬 애니멀 어드벤처,8.35,"165,640 명"
2079,20126406,새미의 어드벤쳐 2,8.62,"1,457,406 명"
2089,20113486,케빈에 대하여,8.36,"47,245 명"
2099,20128626,서태지 8집: 398일의 기록,8.36,"5,326 명"
2117,20124080,나는 왕이로소이다,7.42,"790,181 명"
2137,20127407,피라냐 3DD,4.84,"74,586 명"
2144,20127086,락 오브 에이지,7.55,"90,926 명"
2189,20127630,그레이브 인카운터,5.77,413 명
2206,20127887,빌리와 용감한 녀석들 3D,7.36,"299,691 명"
2208,20124049,R2B: 리턴투베이스,7.50,"1,201,944 명"
2219,20128530,아메리칸 파이: 19금 동창회,8.11,"15,431 명"
2237,20126448,스텝업4 : 레볼루션,8.78,"953,890 명"
2269,20125647,토탈 리콜,7.28,"1,219,637 명"
2328,20125920,이웃사람,7.52,"2,434,435 명"
2356,20128272,레드라이트,"불가리아, 크로아티아","49,925 명"
2398,20128588,"그 시절, 우리가 좋아했던 소녀",일본,"46,745 명"
2411,20124063,공모자들,7.01,"1,646,142 명"
2417,20125346,벨 아미,6.62,"30,373 명"
2423,20125338,링컨: 뱀파이어 헌터,6.79,"345,175 명"
2426,20128271,577 프로젝트,8.21,"96,080 명"
2429,20124046,미운오리새끼,8.70,"45,454 명"
2490,20126409,본 레거시,7.12,"1,015,832 명"
2492,20128143,익스펜더블 2,7.70,"444,456 명"
2496,20124934,피에타,7.80,"603,283 명"
2519,20128707,웨딩스캔들,5.45,"21,295 명"
2559,20124079,"광해, 왕이 된 남자",9.24,"12,324,062 명"
2561,20127401,레지던트 이블 5 : 최후의 심판,5.85,"558,443 명"
2568,20127494,늑대아이,9.12,"339,855 명"
2569,20127446,인시디어스,6.82,"554,535 명"
2631,20124400,간첩,7.17,"1,310,895 명"
2637,20129092,테드: 황금도시 파이티티를 찾아서,7.91,"206,320 명"
2638,20129046,럼 다이어리,6.08,"12,685 명"
2639,20125306,런던 블러바드,5.86,"16,977 명"
2677,20113887,점쟁이들,5.82,"953,682 명"
2687,20129407,로우리스: 나쁜 영웅들,7.87,"66,504 명"
2700,20128447,테이큰 2,6.99,"2,308,646 명"
2703,20129166,19곰 테드,7.36,"170,647 명"
2704,20127634,메리다와 마법의 숲,7.62,"1,231,261 명"
2708,20128270,루퍼,벨기에,"571,922 명"
2709,20128832,나이트폴,"태국, 싱가포르","13,307 명"
2777,20129227,익스트림 No.13,6.31,"12,408 명"
2779,20129260,우리도 사랑일까,8.26,"74,221 명"
2817,20124057,용의자X,7.65,"1,552,055 명"
2819,20129626,위험한 관계,8.01,"298,086 명"
2825,20113886,회사원,6.50,"1,110,523 명"
2847,20129766,프랑켄위니,8.19,"44,377 명"
2896,20124070,강철대오:구국의 철가방,6.45,"233,211 명"
2916,20120021,조조-황제의 반란,6.55,"75,301 명"
2918,20129146,인피니트 콘서트 세컨드 인베이전 에볼루션 더 무비 3D,8.71,"39,577 명"
2959,20120221,아이언 스카이,6.70,0
2985,20129079,파라노말 액티비티4,5.03,"54,461 명"
2986,20121241,비정한 도시 감독판,0,0
2988,20124054,늑대소년,독일,"6,655,068 명"
2990,20113461,007 스카이폴,7.88,"2,376,266 명"
2999,20129790,아르고,8.20,"140,736 명"
3027,20124075,내가 살인범이다,8.48,"2,729,830 명"
3046,20124917,복숭아나무,7.18,"33,902 명"
3047,20120127,파괴자들,3.77,28 명
3099,20113471,오페라의 유령 : 25주년 특별 공연,9.27,"105,298 명"
3108,20081818,비지터,"네덜란드, 불가리아","11,516 명"
3118,20120107,내가 고백을 하면,8.61,"11,969 명"
3124,20120562,업사이드 다운,포르투갈,0
3126,20126089,자칼이 온다,6.30,"210,278 명"
3127,20120362,나우이즈굿 ,8.85,"73,421 명"
3138,20120942,밀림의 왕자 레오2,8.08,"44,988 명"
3139,20125446,터치,한국,"18,393 명"
3168,20127546,남영동1985,7.23,"332,643 명"
3188,20120430,철가방 우수氏,9.11,"92,404 명"
3189,20125406,음치 클리닉 ,6.91,"338,168 명"
3190,20126469,브레이킹 던 part2,8.73,"2,654,817 명"
3196,20120421,살인소설,5.99,"49,685 명"
3199,20124348,돈 크라이 마미,6.44,"975,462 명"
3238,20126407,가디언즈,캐나다,"1,081,096 명"
3306,20088506,26년,6.39,"2,963,652 명"
3339,20124399,반창꼬,8.57,"2,475,797 명"
3349,20121281,내 인생의 마지막 변화구 ,8.31,"30,037 명"
3359,20120943,아워 이디엇 브라더 ,8.51,"27,045 명"
3377,20124936,나의 PS 파트너 ,8.24,"1,831,741 명"
3402,20123161,늑대소년-확장판,8.65,0
3408,20120661,저지드레드 3D,7.38,0
3448,20129388,주먹왕 랄프,9.34,"1,758,891 명"
3459,20128687,가문의 영광5 - 가문의 귀환,6.06,"1,160,021 명"
3470,20125048,호빗: 뜻밖의 여정,8.41,"2,818,993 명"
3473,20112561,원 데이,한국,"204,391 명"
3479,20122192,극장판 파워레인저: 캡틴포스 VS 미라클포스 199 히어로 대결전 ,7.79,"110,771 명"
3489,20121244,코드네임 제로니모,6.16,"23,462 명"
3523,20128274,레미제라블,프랑스,"5,926,036 명"
3535,20128247,극장판 포켓몬스터 베스트위시「큐레무 VS 성검사 케르디오」,8.14,0
3536,20123217,극장판 포켓몬스터 베스트위시「메로엣타의 반짝반짝 음악회」,10.00,0
3547,20124039,타워,"프랑스, 노르웨이, 스웨덴","5,181,244 명"
3596,20122523,니코: 산타비행단의 모험,8.42,"407,448 명"
3597,20126388,잠베지아: 신비한 나무섬의 비밀,8.70,"472,692 명"
3662,20128386,라이프 오브 파이,8.85,"1,634,734 명"
3689,20121622,호두까기인형 3D,9.07,"46,815 명"
3740,20124935,박수건달,8.11,"3,897,969 명"
3743,20124024,클라우드 아틀라스,8.22,"453,082 명"
3746,20126583,마이 리틀 히어로,8.40,"186,191 명"
3755,20122803,파이스토리 : 악당상어 소탕작전,8.70,"267,440 명"
3821,20123333,잭 리처,7.13,"612,328 명"
3822,20129156,몬스터 호텔,8.59,"1,071,436 명"
3823,20121861,더 임파서블,8.17,"625,192 명"
3839,20127593,7번방의 선물,8.83,"12,811,714 명"
3888,20123681,뽀로로 극장판 슈퍼썰매 대모험,8.58,"931,953 명"
3889,20123041,마마,폴란드,0
3896,20048799,명탐정 코난:은빛 날개의 마술사,8.91,"176,495 명"
3941,20124083,베를린,미국,"7,166,688 명"
3957,20125990,남쪽으로 튀어,7.81,"832,894 명"
3989,20123221,부도리의 꿈 ,5.10,"18,981 명"
4006,20126087,남자사용설명서,6.96,"507,913 명"
4022,20123387,다이하드: 굿 데이 투 다이,7.11,"1,438,056 명"
4027,20124401,신세계,한국,"4,684,571 명"
4034,20123421,눈의 여왕,8.56,"209,120 명"
4038,20010292,몬스터 주식회사,9.29,"870,759 명"
4039,20123484,실버라이닝 플레이북,8.60,"129,554 명"
4079,20113917,파라노만,8.10,"10,942 명"
4099,20123422,라스트 스탠드,미국,"66,791 명"
4104,20133981,헨젤과 그레텔: 마녀 사냥꾼 3D,0,0
4107,20123644,해양경찰 마르코,6.88,"181,740 명"
4109,20000067,러브레터,일본,"111,172 명"
4173,20128747,분노의 윤리학,6.71,"225,618 명"
4174,20133924,빌리와 용감한 녀석들 2 ,7.36,"306,837 명"
4176,20123821,더 자이언트,7.93,"157,986 명"
4234,20122843,차이니즈 조디악,7.82,"315,314 명"
4235,20120467,스토커,한국,0
4242,20123641,잭 더 자이언트 킬러,7.70,"956,154 명"
4247,20134042,스카이포스 3D,7.34,"51,553 명"
4286,20129368,파파로티,8.27,"1,716,438 명"
4289,20123603,플라이트,8.03,"20,553 명"
4299,20134407,사이코메트리,3.50,60 명
4309,20134102,글래디에이터: 로마 영웅 탄생의 비밀 3D,5.19,0
4313,20122625,오즈 그레이트 앤드 파워풀,7.16,"350,563 명"
4316,20129262,제로 다크 서티,8.20,"109,012 명"
4359,20128690,연애의 온도,7.46,"1,865,354 명"
4379,20135241,웜 바디스,8.53,"1,169,839 명"
4385,20134581,링컨,7.76,"137,505 명"
4388,20134222,알렉스 크로스,8.14,"22,978 명"
4449,20134141,드림팀,7.97,"9,483 명"
4454,20126306,장고:분노의 추적자,8.52,"262,137 명"
4456,20122231,안나 카레니나,9.00,1 명
4458,20134983,원피스 극장판 Z,9.02,"93,239 명"
4459,20120108,지슬 - 끝나지 않은 세월2,6.23,"145,398 명"
4478,20135942,돌핀 : 꿈꾸는 다니엘의 용감한 모험,6.58,"53,744 명"
4509,20126671,런닝맨,7.72,"187,777 명"
4519,20125333,전설의 주먹,7.57,"1,744,585 명"
4520,20113972,지.아이.조 2,7.07,"1,855,917 명"
4525,20134701,웃는 남자,한국,"57,948 명"
4595,20134869,호스트,영국,"42,972 명"
4596,20119971,끝과 시작,한국,"100,030 명"
4598,20135581,호프 스프링즈,8.50,"55,273 명"
4660,20134181,오블리비언,8.25,"1,515,356 명"
4668,19950095,레옹 ,일본,"45,907 명"
4686,20136783,꼬마영웅 경찰차 프로디,7.93,"25,149 명"
4719,20120381,피노키오: 당나귀 섬의 비밀,7.06,"68,721 명"
4729,20133881,러스트 앤 본,8.44,"32,200 명"
4732,20123201,노리개,7.37,"3,664 명"
4734,20136138,송 포 유,8.71,"217,314 명"
4735,20134603,로마 위드 러브,8.18,"182,633 명"
4736,20136662,뷰티풀 크리처스,7.88,"82,995 명"
4739,20136202,테이크다운,미국,"19,415 명"
4789,20121549,전국노래자랑,8.00,"978,413 명"
4800,20121621,아이언맨 3,8.86,"9,001,679 명"
4805,20136921,에반게리온: Q,6.92,"62,159 명"
4808,20136741,짱구는 못말려 극장판:태풍을 부르는 나와 우주의 프린세스,8.29,"217,320 명"
4848,20120426,고령화 가족,8.15,"1,141,222 명"
4865,20030072,니모를 찾아서,9.22,"73,483 명"
4867,20137422,폭풍우 치는 밤에: 비밀 친구,7.94,"38,347 명"
4914,20135362,크루즈 패밀리,9.24,"943,806 명"
4923,20122784,몽타주,인도,"2,095,592 명"
4934,20128691,미나문방구,7.06,"334,323 명"
4943,20137082,스니치,8.45,"41,480 명"
4948,20137241,사랑의 가위바위보,7.63,"1,882 명"
4949,20123602,셰임,인도,"19,565 명"
4985,20135221,분노의 질주: 더 맥시멈,8.81,"1,790,457 명"
4998,20123329,스타트렉 다크니스,8.97,"1,607,555 명"
5009,20137061,사랑은 타이핑 중!,8.47,"13,115 명"
5010,20136219,위대한 개츠비,8.40,"1,445,707 명"
5027,20122221,앤젤스 셰어: 천사를 위한 위스키,7.59,"18,111 명"
5058,20134562,비포 미드나잇,8.15,"209,591 명"
5069,20127597,뜨거운 안녕,8.93,"47,105 명"
5128,20126672,은밀하게 위대하게,7.12,"6,959,083 명"
5138,20136058,무서운 이야기 2,6.62,"495,535 명"
5151,20137426,애프터 어스,미국,"537,920 명"
5159,20137181,저스트 어 이어 ,6.36,"6,312 명"
5214,20137963,백악관 최후의 날,5.41,"181,257 명"
5229,20138201,극장판 썬더일레븐 GO VS 골판지 전사 W,8.44,"36,492 명"
5239,20138350,쾌걸 조로리의 대대대대모험,1.27,"27,598 명"
5278,20122122,월드 워 Z,8.22,"5,237,525 명"
5290,20137961,맨 오브 스틸,7.90,"2,256,913 명"
5335,20129114,더 웹툰: 예고살인,7.22,"1,200,772 명"
5338,20138141,더 콜,루마니아,"88,953 명"
5349,19930176,쥬라기 공원,2.28,"5,661,128 명"
5358,20122783,감시자들,7.76,"5,509,019 명"
5363,20120103,닥터,5.67,"68,312 명"
5366,20138712,꼭두각시,5.50,"32,628 명"
5368,20137081,이별계약,8.33,"18,343 명"
5369,20126253,토토의 움직이는 숲,7.25,"79,654 명"
5418,20139081,타이치0 3D,6.89,"17,480 명"
5428,20137815,화이트 하우스 다운,7.43,0
5435,20138884,빅 웨딩,6.47,"34,466 명"
5438,20139222,라스트 엑소시즘: 잠들지 않는 영혼,6.82,"9,442 명"
5502,20136862,론 레인저,7.31,"388,235 명"
5508,20139263,쿵후팬더: 영웅의 탄생,6.24,"74,250 명"
5519,20134044,빅 픽처,6.69,"25,095 명"
5546,20124082,미스터 고,7.76,"1,329,061 명"
5548,20136961,퍼시픽 림,6.67,"1,077,240 명"
5557,20120801,48미터,8.94,"13,886 명"
5559,20139121,인 더 하우스,8.38,"18,001 명"
5567,20139141,토니 스토리: 깡통제국의 비밀,7.12,"67,663 명"
5576,20139723,사이드 이펙트,1.67,1 명
5578,20138982,마스터 ,8.10,"7,150,586 명"
5589,20120110,명왕성,한국,"16,866 명"
5629,20139383,극장판 도라에몽: 진구의 비밀도구 박물관,8.89,"122,362 명"
5638,20137549,터보,9.05,"1,925,154 명"
5640,20136962,레드: 더 레전드,8.00,"3,004,649 명"
5649,20134068,까밀 리와인드,8.44,"22,210 명"
5687,20126674,설국열차,7.98,"9,352,605 명"
5698,20136052,더 테러 라이브,8.28,"5,584,295 명"
5699,20137121,더 울버린,6.11,"1,075,333 명"
5708,20138202,에픽 : 숲속의 전설 ,8.77,"978,785 명"
5718,20139826,마지막 4중주,8.19,"109,009 명"
5774,20136761,개구쟁이 스머프 2,7.83,"921,788 명"
5789,20139821,슈퍼히어로,스웨덴,"11,516 명"
5838,20136049,숨바꼭질,한국,0
5846,20058720,명탐정 코난 : 수평선상의 음모,8.69,"389,873 명"
5873,20124937,감기,한국,"3,117,859 명"
5918,20130569,슈퍼윙스 3D,8.34,"46,124 명"
5919,20139083,언어의 정원,8.18,"70,497 명"
5991,20138881,나우 유 씨 미 : 마술사기단,8.04,"2,718,237 명"
5995,20138421,R.I.P.D. : 알.아이.피.디.,7.64,"101,460 명"
5996,20130821,투 마더스,7.02,20 명
5998,20139072,일대종사,8.01,"101,642 명"
6039,20131203,킬링시즌,6.78,"9,240 명"
6059,20139265,잡스,7.28,"68,811 명"
6060,20137811,엘리시움,7.24,"1,207,732 명"
6067,20131681,드래곤볼Z : 신들의 전쟁,8.07,"44,231 명"
6077,20124086,스파이,8.80,0
6086,20122089,슈퍼배드 2,8.81,"963,763 명"
6108,20131381,컨저링,영국,1 명
6109,20126091,관상,8.00,"9,135,806 명"
6118,20135001,몬스터 대학교,8.76,"870,759 명"
6134,20132082,바람이 분다,한국,"106,546 명"
6137,20139461,뫼비우스,"캐나다, 미국","35,348 명"
6197,20137562,퍼시 잭슨과 괴물의 바다,7.79,"519,584 명"
6202,20129588,섀도우 헌터스: 뼈의 도시,7.32,"571,074 명"
6209,20137041,우리 선희,7.58,"69,122 명"
6268,20131001,프리버즈: 밍쿠와 찌아의 도시 대탈출,3.56,"44,650 명"
6316,20134582,소원,한국,"2,711,094 명"
6334,20131541,블루 재스민,8.50,"144,664 명"
6339,20131241,퍼펙트,0,"18,179 명"
6343,20131630,히든 카드,6.06,"151,476 명"
6348,20122466,짓,5.27,807 명
6388,20123381,깡철이,6.96,"1,209,363 명"
6404,20130783,프리즈너스,8.10,"189,025 명"
6406,20132262,적인걸2 : 신도해왕의 비밀,7.92,"47,179 명"
6407,20132261,로덴시아: 마법왕국의 전설,7.42,"98,798 명"
6409,20123383,화이: 괴물을 삼킨 아이,7.83,"2,394,487 명"
6419,20128079,정글번치 : 빙산으로의 귀환,8.35,"66,219 명"
6457,20139221,그래비티,8.28,"3,280,151 명"
6459,20132120,러시 : 더 라이벌,9.06,"127,037 명"
6479,20132601,에코 플래닛 3D : 지구 구출 특급 대작전,9.41,"37,027 명"
6487,20123384,밤의 여왕,6.88,"252,475 명"
6488,20132382,페이머스 파이브 : 키린섬의 비밀,8.62,"7,638 명"
6527,20122785,롤러코스터,6.40,"270,156 명"
6536,20132821,캡틴 필립스,9.03,"242,268 명"
6537,20129606,공범,대만,"1,766,285 명"
6548,20125527,코알라,이탈리아,"6,432 명"
6549,20136059,히어로,8.23,"1,738 명"
6557,20058701,러브레이스,7.51,"19,933 명"
6559,20137722,킥 애스 2 : 겁없는 녀석들,8.16,"12,827 명"
6597,20120428,톱스타,7.38,"175,153 명"
6624,20134124,배우는 배우다,6.74,"112,029 명"
6629,20122786,응징자,6.11,"192,347 명"
6639,20138223,노브레싱,7.58,"451,669 명"
6677,20127595,동창생,7.30,"1,048,280 명"
6680,20138355,토르: 다크 월드,8.36,"3,040,115 명"
6689,20136061,결혼전야,한국,"1,214,839 명"
6699,20134374,원 오브 어 카인드 3D ; G-DRAGON 2013 1ST WORLD TOUR,7.67,"8,083 명"
6709,20139402,연애의 기술,2.55,"8,923 명"
6717,20134144,화이트 고릴라,8.07,"71,796 명"
6729,20132807,어떤 시선,8.43,"31,483 명"
6738,20137044,친구 2,6.22,"2,971,475 명"
6739,20138222,완전 소중한 사랑,8.43,"20,303 명"
6755,20139601,더 퍼지,미국,"59,881 명"
6759,20133760,세이프 헤이븐,8.54,"40,815 명"
6769,20134413,소녀,일본,"20,599 명"
6778,20134073,디스커넥트,8.53,0
6819,20135428,어바웃 타임,9.17,"3,431,882 명"
6827,20135343,투건스,7.16,"7,806 명"
6831,20134801,더 파이브,6.19,"731,212 명"
6835,20133152,카운슬러,7.19,"133,272 명"
6837,20131245,블랙 가스펠,9.08,"1,353 명"
6849,20134705,맛있는 사랑공식-섹스,3.50,"5,460 명"
6859,19918269,터미네이터 2 : 심판의 날 감독판,9.43,"14,391 명"
6898,20124402,열한시,6.45,"870,785 명"
6899,20138544,헝거게임: 캣칭 파이어,8.32,"1,127,373 명"
6905,20133701,하늘에서 음식이 내린다면 2,8.09,"800,062 명"
6908,20110881,창수,7.12,"429,141 명"
6929,20131263,사이비,8.78,"22,526 명"
6948,20132824,리딕,7.35,"132,059 명"
6949,20135367,오싱,7.89,"74,108 명"
6976,20134268,버틀러: 대통령의 집사,8.59,"126,870 명"
7009,20135443,산타의 매직 크리스탈,7.33,"60,747 명"
7041,20135657,인시디어스: 두번째 집,7.24,"577,758 명"
7044,20135370,이스케이프 플랜,미국,"1,276 명"
7100,20134123,집으로 가는 길,"싱가포르, 일본","1,854,711 명"
7109,20134803,변호인,8.99,"11,375,123 명"
7110,20134267,호빗: 스마우그의 폐허,8.48,"2,282,744 명"
7149,20135365,코비: 블루 엘리펀트의 전설,8.54,0
7158,20139981,캐치미,한국,"494,126 명"
7168,20124938,용의자,8.37,25 명
7185,20134984,다이노소어 어드벤처 3D,8.99,"599,963 명"
7186,20136308,비행기,스페인,"233,557 명"
7187,20135427,세이빙 산타,7.82,"235,684 명"
7189,20133704,그렇게 아버지가 된다,8.87,"127,081 명"
7228,20131246,엔더스 게임,7.17,"654,212 명"
7229,20134046,월터의 상상은 현실이 된다,8.72,"957,127 명"
7236,20134206,썬더와 마법저택,8.78,"904,143 명"
7306,20135369,저스틴,7.86,"266,475 명"
7339,20138224,플랜맨,8.17,"635,740 명"
7393,20134592,"극장판 포켓몬스터 베스트위시: 신의 속도 게노세크트, 뮤츠의 각성",8.94,"321,602 명"
7394,20134533,타잔 3D,7.58,"598,204 명"
7395,20136812,더 울프 오브 월스트리트,8.07,"586,587 명"
7439,20136575,배틀 오브 비보이,7.60,"34,261 명"
7457,20136894,살인자,5.85,"88,199 명"
7460,20136803,겨울왕국,9.12,"13,747,615 명"
7462,20136337,잭 라이언 : 코드네임 쉐도우,7.39,"327,591 명"
7521,20139881,피끓는 청춘,7.62,"1,676,040 명"
7522,20131102,수상한 그녀,9.00,"8,660,623 명"
7523,20137043,남자가 사랑할 때,한국,"1,980,120 명"
7536,20136860,극장판 가면라이더 VS 파워레인저 슈퍼히어로 대전,7.55,"59,611 명"
7539,20126090,조선미녀삼총사,4.03,"480,361 명"
7575,20122787,또 하나의 약속,9.27,"497,994 명"
7585,20130561,관능의 법칙,7.64,"781,516 명"
7596,20136800,넛잡: 땅콩 도둑들,6.71,0
7597,20147250,폴리스 스토리 2014,8.01,"153,591 명"
7598,20133585,인사이드 르윈 ,8.15,"106,729 명"
7609,20147161,디노타샤: 공룡대탐험,6.66,"23,530 명"
7649,20147301,굿모닝 맨하탄,8.89,"31,655 명"
7659,20136292,"가장 따뜻한 색, 블루",8.78,"53,339 명"
7669,20136043,신이 보낸 사람,8.07,"424,849 명"
7673,20147096,프랑켄슈타인: 불멸의 영웅,6.22,"299,205 명"
7678,20136445,레고 무비,8.46,"88,392 명"
7741,20134587,로보캅,미국,1 명
7747,20068659,명탐정 코난 : 탐정들의 진혼가 ,8.77,0
7759,20147372,슈퍼노바 지구 탈출기,8.85,"37,547 명"
7810,20139401,찌라시: 위험한 소문,7.52,"1,221,420 명"
7811,20134028,폼페이: 최후의 날,7.44,"1,373,873 명"
7817,20136887,아메리칸 허슬,7.52,"155,746 명"
7819,20147282,우리별 일호와 얼룩소,6.81,"44,411 명"
7869,20134070,어네스트와 셀레스틴,9.03,"49,743 명"
7880,20147299,논스톱,6.91,163 명
7885,20136866,노예 12년,8.55,"499,038 명"
7887,20147430,모뉴먼츠 맨: 세기의 작전,7.01,"71,483 명"
7889,20147584,스턱 인 러브,8.33,"15,147 명"
7950,20147247,300: 제국의 부활,7.17,"1,593,116 명"
7956,20133603,다이애나,"프랑스, 미국","59,243 명"
7958,20147625,달라스 바이어스 클럽,8.83,"70,801 명"
8020,20136060,몬스터,미국,0
8021,20138226,우아한 거짓말,8.36,"1,619,983 명"
8026,20147693,원 챈스,8.30,"81,025 명"
8029,20147695,엔들리스 러브,7.56,"22,091 명"
8049,20147904,"하늘을 나는 강아지, 비포와 친구들",6.17,0
8067,20147872,프라이버시,한국,"16,936 명"
8090,20133602,노아,6.07,"1,227 명"
8095,20147727,그랜드 부다페스트 호텔,8.39,"820,322 명"
8098,20147953,론 서바이버 ,9.03,"190,611 명"
8099,20147649,벨과 세바스찬,9.10,"4,156 명"
8118,20147848,꼬마영웅 경찰차 프로디2,7.93,"25,149 명"
8150,20147790,캡틴 아메리카: 윈터 솔져,8.93,"3,963,964 명"
8166,20147694,슈퍼미니,8.24,"48,944 명"
8169,20147883,블러드 타이즈 ,7.88,"5,828 명"
8176,20129787,방황하는 칼날,7.72,"989,881 명"
8185,20136736,초원의 왕 도제,8.01,"21,424 명"
8187,20148168,아바타 정글의 비밀,4.63,"12,876 명"
8209,20147690,아이스맨,"독일, 이탈리아, 오스트리아","10,910 명"
8215,20147612,쓰리데이즈 투 킬,7.35,"229,644 명"
8219,20147968,선 오브 갓,7.97,"329,286 명"
8225,20134585,가시,일본,"142,170 명"
8228,20147678,어거스트: 가족의 초상,7.82,"72,377 명"
8237,20124047,백프로,5.33,"37,909 명"
8239,20147971,짱구는 못말려 극장판：엄청 맛있어! B급 음식 서바이벌!,8.51,"84,306 명"
8248,20147509,세이빙 미스터 뱅크스,8.55,"12,957 명"
8288,20147948,페이스 오브 러브,8.67,"80,699 명"
8302,20147609,헤라클레스 : 레전드 비긴즈,6.32,"221,341 명"
8362,20147283,다이버전트,7.77,"103,556 명"
8364,20148232,니드 포 스피드,7.87,"105,340 명"
8369,20147679,필로미나의 기적,8.51,"38,053 명"
8375,20134122,한공주,8.81,"225,839 명"
8378,20148208,그랜드 피아노,브라질,"20,961 명"
8430,20135661,어메이징 스파이더맨 2,7.76,"4,168,353 명"
8438,20136805,파가니니: 악마의 바이올리니스트,8.18,"36,808 명"
8447,20133601,천재 강아지 미스터 피바디,8.41,"385,552 명"
8449,20138962,리오 2,8.30,"765,961 명"
8468,20139183,역린,7.07,"3,849,700 명"
8488,20147683,라스트베가스,8.64,"177,938 명"
8497,20139164,표적,7.48,"2,841,884 명"
8518,20148277,몬스터 왕국,6.21,"37,816 명"
8519,20147880,위크엔드 인 파리,8.07,"34,123 명"
8579,20133322,인간중독,6.70,"1,441,990 명"
8587,20134601,디태치먼트,8.87,"12,736 명"
8589,20148615,히트맨 NO.2 : 살인면허,4.57,"3,067 명"
8598,20130442,끝까지 간다,프랑스,"3,450,305 명"
8628,20134586,도희야,7.53,"106,781 명"
8629,20148129,더 바디,"러시아 연방, 스페인","66,779 명"
8642,20130522,트랜센던스,7.97,"696,412 명"
8651,20147874,고질라,일본,"709,734 명"
8659,20148967,침입자들 : 로봇의 역습,4.61,"3,672 명"
8699,19548002,사브리나,스페인,"1,061 명"
8708,20147669,엑스맨: 데이즈 오브 퓨처 패스트,8.88,"4,313,871 명"
8718,20148748,그녀,한국,"368,430 명"
8719,20148447,일대일,한국,0
8729,20148835,케이트 맥콜,6.80,"3,014 명"
8779,20148686,오큘러스,이란,"279,488 명"
8792,20148383,말레피센트,8.24,"1,444,952 명"
8796,20148648,극장판 루팡 3세 VS 명탐정 코난,8.81,"225,842 명"
8806,20132482,우는 남자,6.00,"603,409 명"
8836,20136062,하이힐,일본,"341,606 명"
8841,20148807,엣지 오브 투모로우,8.94,"4,699,307 명"
8859,20148347,마이 블랭키,6.89,"32,627 명"
8909,20147684,리스본행 야간열차,8.30,"78,733 명"
8922,20134591,황제를 위하여,6.06,"592,367 명"
8936,20133641,경주,6.78,"63,546 명"
8938,20148834,베스트 오퍼,8.68,"48,033 명"
8939,20148847,밀리언 웨이즈,7.28,"17,546 명"
8993,20148795,미녀와 야수,8.78,"5,138,328 명"
8994,20148877,그레이스 오브 모나코,8.03,"237,219 명"
8995,20148728,창문 넘어 도망친 100세 노인,7.82,"241,602 명"
8998,20148994,님포매니악 볼륨1,7.62,"60,386 명"
9038,20149155,극장판 날아라! 호빵맨 : 바나나섬을 되찾아줘,8.23,"15,382 명"
9060,20122021,트랜스포머: 사라진 시대,6.59,"5,295,836 명"
9068,20147970,그레이트 뷰티,7.92,"43,420 명"
9079,20148602,이브 생 로랑,7.39,"21,298 명"
9097,20149307,로코왕국의 전설: 엘프킹을 찾아서,6.35,"16,070 명"
9128,20139201,신의 한 수,8.03,"2,159,081 명"
9134,20147931,소녀괴담,5.47,"481,696 명"
9145,20149271,나쁜 이웃들 ,7.27,"42,335 명"
9148,20149343,님포매니악 볼륨2,7.75,"24,485 명"
9169,20149286,로보싸커,7.33,0
9188,20149288,더 시그널,6.40,"106,081 명"
9202,20148745,좋은 친구들,7.79,"407,323 명"
9208,20149313,드래프트 데이,8.34,"10,119 명"
9210,20148973,혹성탈출: 반격의 서막,8.53,"4,002,560 명"
9218,20149767,파이어 : 테러와의 전쟁,3.11,"5,559 명"
9219,20149270,테레즈 라캥,7.40,"14,510 명"
9238,20149494,비포 : 치즈와 초콜릿을 찾아서,5.87,0
9256,20123501,군도: 민란의 시대,6.93,"4,775,811 명"
9259,20149377,파이어스톰,5.90,"6,682 명"
9272,20149394,주온 : 끝의 시작,6.33,"410,644 명"
9275,20149511,분신사바 2,4.02,"79,017 명"
9287,20136926,프란시스 하,8.11,"73,379 명"
9299,20138221,산타바바라,7.27,"16,626 명"
9306,20149462,천하무적 키코리키,6.67,"21,889 명"
9326,20129370,명량,5.02,"17,615,658 명"
9338,20131248,드래곤 길들이기 2,8.92,"2,999,906 명"
9347,20136064,해적: 바다로 간 산적,8.28,"8,666,208 명"
9357,20148830,마담 프루스트의 비밀정원,8.92,"162,001 명"
9359,20140081,밀애,5.28,"4,770 명"
9396,20134082,해무(海霧),6.83,0
9419,20130929,스톤,8.11,"18,061 명"
9423,20149317,가디언즈 오브 갤럭시,8.94,"2,736,060 명"
9424,20149758,터키,8.18,"113,795 명"
9427,20149846,"안녕, 헤이즐",8.61,"749,146 명"
9429,20149459,어떤 만남,7.63,"27,340 명"
9459,20148997,동경가족,일본,"31,575 명"
9477,20149629,비긴 어게인,한국,"3,461,855 명"
9484,20149567,명탐정 코난 : 이차원의 저격수,8.72,"398,761 명"
9486,20149568,허큘리스,7.34,"86,553 명"
9499,20138501,극장판 뛰뛰빵빵 구조대 미션: 둥둥이를 구하라!,7.83,"21,939 명"
9539,20147950,유아 넥스트,7.69,"12,714 명"
9556,20149978,비행기 2: 소방구조대,7.93,"311,456 명"
9559,20041524,극장판 포켓몬스터 AG - 아름다운 소원의 별 지라치,8.04,"74,346 명"
9624,20147928,터널 3D,5.73,"81,008 명"
9625,20149818,익스펜더블 3,7.96,"152,033 명"
9627,20149099,더 기버: 기억전달자,8.01,"107,567 명"
9629,20149441,내 연애의 기억,6.78,"46,775 명"
9637,20149931,인보카머스,6.97,"69,786 명"
9639,20149591,매직 인 더 문라이트,7.65,"77,308 명"
9678,20134804,타짜-신의 손,7.25,"4,015,361 명"
9695,20149140,브릭 맨션: 통제불능 범죄구역,6.89,"74,912 명"
9696,20149831,더 퍼지 : 거리의 반란,7.03,"59,881 명"
9700,20149811,인투 더 스톰,8.23,"2,078,825 명"
9704,20148132,닌자터틀,8.35,"235,207 명"
9709,20134594,두근두근 내 인생,7.06,"1,624,601 명"
9761,20135656,루시,네덜란드,"1,974,893 명"
9765,20149930,스텝 업: 올 인,7.98,"565,049 명"
9768,20149248,선샤인 온 리스,6.97,"26,815 명"
9779,20149970,마야,프랑스,"265,697 명"
9799,20140181,극장판 도라에몽: 진구의 아프리카 모험 ~베코와 5인의 탐험대~,8.58,"168,172 명"
9848,20134069,씬 시티: 다크히어로의 부활,6.72,"83,182 명"
9889,20141401,쎄븐 플로어,5.71,"1,355 명"
9899,20140431,메이즈 러너,7.84,"2,299,751 명"
9913,20140524,툼스톤,7.57,"242,816 명"
9918,20149257,설계,4.59,"45,726 명"
9983,20140247,베리 굿 걸,7.17,"103,625 명"
9987,20140196,프랭크,캐나다,"53,188 명"
9988,20140762,지골로 인 뉴욕,7.61,"30,140 명"
10026,20134589,제보자,8.32,"1,755,181 명"
10046,20141113,애나벨,7.29,"481,766 명"
10049,20136863,마담 뺑덕,6.65,"471,248 명"
10051,20135386,슬로우 비디오,7.77,"1,169,562 명"
10057,20141281,"극장판 파워레인저 다이노포스VS고버스터즈 공룡 대결전! ~안녕, 영원한 친구여!~",8.46,"215,046 명"
10058,20141028,정글히어로,말레이지아,"72,047 명"
10059,20147691,초콜렛 도넛,8.99,"34,118 명"
10069,20149838,유고와 라라 : 신비의 숲 어드벤처,8.26,"26,302 명"
10096,20147930,나의 사랑 나의 신부,7.97,"2,141,155 명"
10111,20141261,드라큘라: 전설의 시작,8.03,"1,321,751 명"
10116,20148927,맨홀,3.75,"133,663 명"
10193,20140458,노벰버 맨,7.47,"252,444 명"
10194,20149984,컬러풀 웨딩즈,8.24,"190,470 명"
10239,20148626,나의 독재자,7.43,"386,074 명"
10259,20140459,킬 유어 달링,8.25,"33,157 명"
10260,20140425,나를 찾아줘,7.01,"645,082 명"
10261,20148842,우리는 형제입니다,7.18,"970,373 명"
10263,20139964,레드카펫,프랑스,"316,953 명"
10266,20149910,보이후드,8.74,"191,292 명"
10267,20142110,타임 투 러브,8.14,"23,597 명"
10279,20142021,마인드스케이프,7.15,"30,257 명"
10307,20136802,카트,8.62,"814,676 명"
10335,20141961,내가 잠들기 전에,7.25,"50,098 명"
10339,20141441,앵그리스트 맨,8.49,"30,673 명"
10369,20142844,본타: 땅콩왕국의 전설,5.82,"18,022 명"
10393,20149120,인터스텔라,미국,"10,309,432 명"
10401,20147129,패션왕,5.27,"594,876 명"
10408,20142798,"제자, 옥한흠",9.05,"50,392 명"
10409,20142481,왓 이프,미국,"27,818 명"
10417,20142301,박스트롤,8.37,"102,682 명"
10448,20142321,울브스,스페인,"43,613 명"
10458,20136312,아빠를 빌려드립니다,7.83,"172,652 명"
10473,20142023,아더 우먼,7.40,"78,978 명"
10476,20140694,퓨리,8.67,"1,362,114 명"
10478,20141001,거인,독일,"24,020 명"
10498,20143325,토마스와 친구들: 잃어버린 왕관,8.38,"15,202 명"
10529,20142843,꾸뻬씨의 행복여행,8.18,"126,250 명"
10536,20140402,헝거게임: 모킹제이,7.54,"854,407 명"
10538,20141111,"님아, 그 강을 건너지 마오",9.23,"4,802,416 명"
10546,20134590,빅매치,6.65,"1,177,438 명"
10548,20148627,누구에게나 찬란한,9.37,"21,002 명"
10558,20010238,메멘토,8.81,"26,712 명"
10559,20143081,그 사람 그 사랑 그 세상,9.07,"42,397 명"
10565,20143565,부니 베어: 롤라 구출 대모험,8.03,"45,341 명"
10587,20137048,국제시장,9.01,"14,263,940 명"
10589,20130573,봄,8.71,"14,780 명"
10606,20149287,덤 앤 더머 투,6.74,"192,726 명"
10608,20141704,목숨,9.16,"38,771 명"
10618,20134588,덕수리 5형제,6.94,"210,777 명"
10619,20142741,혼스,7.30,0
10668,20140842,엑소더스: 신들과 왕들,7.09,"1,511,845 명"
10686,20040756,하울의 움직이는 성,9.09,"2,614,043 명"
10687,20143574,GROW: 인피니트의 리얼 청춘 라이프,9.04,"23,926 명"
10708,20143314,꼬마 잠수함 올리 2,6.64,"33,668 명"
10743,20143543,사랑에 대한 모든 것,7.93,"278,087 명"
10744,20142421,"러브, 로지",7.66,"296,748 명"
10769,20143639,뽀로로 극장판 눈요정 마을 대모험,7.17,"258,657 명"
10809,20149265,기술자들,7.09,"2,564,340 명"
10810,20140226,호빗: 다섯 군대 전투,8.49,"2,836,774 명"
10816,20147176,상의원,7.84,"790,370 명"
10827,20141621,마미,덴마크,"59,037 명"
10829,20141614,더 테너 리리코 스핀토,8.20,"50,514 명"
10846,20134436,쥬로링 동물탐정 극장판,8.21,"25,391 명"
10867,20130574,개를 훔치는 완벽한 방법,9.03,"306,743 명"
10885,20143422,숲속으로,4.93,"341,882 명"
10886,20143344,눈의 여왕 2: 트롤의 마법거울,7.65,"618,730 명"
10888,20143602,일곱난쟁이,7.85,"227,586 명"
10949,20144523,패딩턴,9.10,"339,014 명"
10951,20149859,마다가스카의 펭귄,8.69,"1,661,388 명"
10952,20143642,테이큰 3,7.87,"2,006,561 명"
11024,20149948,언브로큰,8.41,"256,801 명"
11027,20147947,워킹걸,6.48,"151,584 명"
11029,20144481,타임 패러독스,8.23,"82,429 명"
11091,20142407,오늘의 연애,6.64,"1,891,993 명"
11092,20131262,허삼관,7.52,"956,103 명"
11093,20143541,박물관이 살아있다 : 비밀의 무덤,8.07,"1,101,678 명"
11094,20143754,아메리칸 스나이퍼,8.70,"345,759 명"
11097,20142962,극장판 포켓몬스터 XY : 파괴의 포켓몬과 디안시,8.10,"233,347 명"
11160,20136888,강남 1970,7.14,"2,192,276 명"
11162,20149951,빅 히어로,9.12,"2,801,949 명"
11166,20143253,존 윅,8.04,"118,227 명"
11167,20145521,엑스 마키나,7.61,"78,521 명"
11219,20145021,와일드,독일,"83,761 명"
11233,20148553,내 심장을 쏴라,7.72,"387,409 명"
11235,20144102,워터 디바이너,7.94,"136,275 명"
11237,20145041,더 이퀄라이저,8.53,"82,779 명"
11238,20144507,빅 아이즈,8.26,"85,386 명"
11310,20148188,쎄시봉,6.11,"1,715,370 명"
11311,20149037,주피터 어센딩,6.01,"309,842 명"
11315,20020168,센과 치히로의 행방불명,9.38,"159,757 명"
11318,20156441,최강전사 미니특공대 : 새로운 악당의 습격,7.56,"155,503 명"
11319,20155601,바다 탐험대 옥토넛 스페셜,7.13,"52,381 명"
11366,20145141,위플래쉬,8.78,"1,589,048 명"
11370,20149570,조선명탐정 : 사라진 놉의 딸,7.67,"3,872,015 명"
11371,20140110,킹스맨 : 시크릿 에이전트,8.82,"6,129,681 명"
11375,20142561,7번째 아들,4.94,"92,598 명"
11385,20144322,도라에몽 : 스탠 바이 미,8.75,"504,153 명"
11387,20155881,오즈의 마법사: 돌아온 도로시,7.96,"298,482 명"
11388,20155761,명탐정 코난 : 코난 실종사건 - 사상 최악의 이틀,8.24,"257,381 명"
11432,20141962,이미테이션 게임,8.79,"1,744,213 명"
11445,20149401,스폰지밥 3D,8.37,"325,016 명"
11448,20145242,모데카이,5.49,"78,070 명"
11513,20147613,그레이의 50가지 그림자,7.95,"189,620 명"
11514,20156161,백 투 더 비기닝,7.98,"266,610 명"
11525,20144621,기생수 파트1,7.71,"187,310 명"
11526,20145102,포커스,7.07,"91,164 명"
11569,20145103,나이트 크롤러,8.42,"56,299 명"
11591,20136063,순수의 시대,6.30,"470,308 명"
11592,20148841,헬머니,6.81,"523,871 명"
11593,20144801,버드맨,미국,"206,241 명"
11596,20145085,세인트 빈센트,8.47,"86,415 명"
11660,20148461,살인의뢰,6.71,"855,980 명"
11662,20156402,채피,7.77,"573,661 명"
11664,20141602,소셜포비아,7.89,"251,645 명"
11668,20156704,드래곤 블레이드,5.83,"57,377 명"
11669,20148845,스물,7.58,"3,044,859 명"
11699,20156841,신데렐라,미국,"716,491 명"
11733,20157041,런 올 나이트,7.88,"289,534 명"
11738,20157001,트레이서,6.69,"26,263 명"
11758,20156904,추억의 마니,8.87,"37,228 명"
11778,20133681,태양을 쏴라,3.98,"17,444 명"
11779,20144461,인서전트,6.93,"282,707 명"
11807,20158082,투캅스 인 파리,6.33,"6,786 명"
11817,20157421,뷰티풀 라이,9.03,"15,050 명"
11860,20143580,분노의 질주: 더 세븐,9.11,"3,250,439 명"
11866,20157121,송 원,6.25,"48,396 명"
11867,20140703,장수상회,8.90,"1,166,887 명"
11875,20157394,팔로우,미국,"33,545 명"
11878,20157587,파울볼,6.72,"31,137 명"
11879,20158504,맛있는 택배,6.11,"6,276 명"
11897,20157584,윈드랜드,8.10,"24,936 명"
11934,20141085,한 번 더 해피엔딩,8.39,"45,530 명"
11935,20145281,코블러,7.45,"41,444 명"
11943,20133682,화장,6.61,"142,609 명"
11946,20142884,엘리노어 릭비: 그 남자 그 여자,7.64,"47,813 명"
11949,20158643,뱀파이어 아카데미,6.88,"7,649 명"
11967,20158091,유고와 라라: 하늘고래와 구름섬 대모험,8.29,"40,374 명"
11989,20157904,더 건맨,6.78,"107,505 명"
12014,20156977,위자,7.14,"331,886 명"
12018,20157986,검은손,3.23,"11,650 명"
12019,20157782,신은 죽지 않았다,8.32,"92,806 명"
12059,20149266,차이나타운,4.68,"1,472,147 명"
12068,20148493,어벤져스: 에이지 오브 울트론,8.31,"10,494,840 명"
12076,20157021,"땡큐, 대디",8.21,"33,066 명"
12083,20156321,약장수,8.61,"44,216 명"
12086,20158461,짱구는 못말려 극장판 : 정면승부! 로봇아빠의 역습,9.10,"150,226 명"
12087,20158841,타이거 마운틴,5.43,"4,930 명"
12088,20158069,노아의 방주: 남겨진 녀석들,8.28,"220,189 명"
12089,20143512,위험한 상견례 2,6.65,"472,693 명"
12146,20145042,스틸 앨리스,8.52,"112,990 명"
12153,20158428,빌리와 용감한 녀석들 3,8.18,"98,495 명"
12158,20158621,스파이,8.80,0
12159,20100211,다이노 타임,8.42,"285,084 명"
12219,20149569,악의 연대기,한국,1 명
12222,20158704,언프렌디드: 친구삭제,6.13,"219,892 명"
12223,20149062,연애의 맛,7.36,"214,539 명"
12225,20158561,기생수 파트2,7.48,"63,560 명"
12227,20071066,말할 수 없는 비밀,9.27,"171,514 명"
12268,20142402,간신,6.91,"1,110,274 명"
12286,20144741,매드 맥스: 분노의 도로,8.78,"3,884,130 명"
12294,20158670,위아영,7.38,"62,124 명"
12298,20158703,트래쉬,스페인,"25,532 명"
12365,20140145,홈,영국,"8,257 명"
12376,20130566,무뢰한,7.86,"415,510 명"
12419,20159063,트립 투 이탈리아,6.10,"21,207 명"
12425,20159748,투모로우랜드,7.28,"265,810 명"
12428,20158981,하나와 앨리스: 살인사건,8.45,"14,518 명"
12429,20159101,써드 퍼슨 - 감독판,0,0
12436,20159141,피치 퍼펙트: 언프리티 걸즈,7.01,"75,598 명"
12438,20136869,은밀한 유혹,5.32,"145,697 명"
12439,20159442,차일드 44,8.16,"21,604 명"
12448,20159655,사이코패스,8.99,0
12478,20134798,연평해전,9.00,"6,045,049 명"
12490,20144682,샌 안드레아스,7.61,"1,716,455 명"
12507,20159573,령 : 저주받은 사진,5.11,"36,371 명"
12508,20159623,에벌리,4.63,"3,223 명"
12549,20148855,극비수사,8.09,"2,860,786 명"
12567,20098169,쥬라기 월드,8.00,0
12576,20150841,카이트,4.60,"11,287 명"
12589,20159582,엘리펀트 송,7.58,"14,893 명"
12597,20140207,꼬마 유령,7.56,"15,923 명"
12618,20141224,경성학교: 사라진 소녀들,6.12,"356,436 명"
12619,20147803,한여름의 판타지아,7.81,"36,981 명"
12636,20142856,나의 절친 악당들,4.81,"133,553 명"
12645,20136057,소수의견,7.97,"383,582 명"
12646,20156970,심야식당,8.57,0
12648,20150563,베스트 오브 미,8.43,"13,399 명"
12715,20156749,19곰 테드 2,7.36,"170,647 명"
12716,20159223,데모닉,미국,"40,643 명"
12736,20159221,정글번치: 너구리 해적단과 보물지도,7.13,"38,219 명"
12780,20141384,터미네이터 제니시스,7.69,"3,240,370 명"
12786,20159001,라자루스,5.67,"27,445 명"
12788,20155874,미라클 벨리에,8.85,"122,469 명"
12789,20159161,마돈나,인도네시아,"18,276 명"
12799,20148844,손님,한국,"828,025 명"
12805,20150255,리틀드래곤 코코넛,8.63,"35,119 명"
12809,20150963,호비와 엄마나무섬의 비밀,8.79,"14,297 명"
12828,20133667,폴라로이드,5.26,"10,510 명"
12853,20151225,인사이드 아웃,9.07,"4,969,735 명"
12854,20150741,인시디어스 3,6.83,"825,517 명"
12857,20151002,우먼 인 골드,8.87,"144,744 명"
12858,20150522,러덜리스,8.78,"78,228 명"
12889,20152337,BiFan2015 판타스틱 단편 걸작선 3,0,0
12899,20148851,암살,8.97,"12,706,829 명"
12915,20141060,쓰리 썸머 나잇,6.70,"77,621 명"
12917,20156301,다크 플레이스,7.65,"66,127 명"
12922,20158241,픽셀,7.60,"681,945 명"
12983,20150501,극장판 요괴워치: 탄생의 비밀이다냥!,8.79,"550,961 명"
12987,20148048,베테랑,9.01,"13,414,484 명"
12988,20060204,포켓몬 레인저와 바다의 왕자 마나피,7.83,"173,973 명"
12999,20145361,미니언즈,7.94,"2,625,636 명"
13058,20140241,고녀석 맛나겠다2 : 함께라서 행복해,8.42,"56,105 명"
13060,20157881,미션 임파서블: 로그네이션,8.75,"6,126,488 명"
13067,20143513,미쓰 와이프,8.94,"988,451 명"
13068,20151821,러브 앤 머시,8.05,"27,291 명"
13089,20151482,종이 달,7.94,"24,444 명"
13117,20143572,뷰티 인사이드,7.76,"2,058,096 명"
13125,20151964,명탐정 코난 : 화염의 해바라기,8.44,"471,319 명"
13128,20152372,아마조니아,8.38,0
13138,20152264,어느 하녀의 일기,6.61,"14,918 명"
13186,20130021,"협녀, 칼의 기억",5.36,"431,310 명"
13199,20151302,무민 더 무비,7.88,"18,770 명"
13208,20158062,숀더쉽,8.41,"11,259 명"
13209,20152870,에스엠타운 더 스테이지,8.18,"35,857 명"
13229,20156281,성실한 나라의 앨리스,8.41,"44,100 명"
13273,20157531,판타스틱 4,4.24,"399,667 명"
13276,20158481,퇴마: 무녀굴,6.57,"120,802 명"
13343,20155826,치외법권,5.96,"346,483 명"
13344,20152866,아메리칸 울트라,6.89,"161,382 명"
13398,20143510,함정,5.71,"257,990 명"
13408,20150622,메이즈 러너: 스코치 트라이얼,8.07,"2,744,413 명"
13410,20155702,앤트맨,8.62,"5,448,134 명"
13412,20143511,오피스,"홍콩, 중국","441,208 명"
13415,20152869,갤로우즈,6.83,"88,777 명"
13416,20153385,히트맨: 에이전트 47,7.90,"64,157 명"
13418,20153039,러브 라이브! 더 스쿨 아이돌 무비,8.50,"133,568 명"
13428,20153282,피케이: 별에서 온 얼간이,9.13,"45,349 명"
13468,20148846,사도,8.25,"6,247,651 명"
13484,20151521,셀프/리스,7.75,"111,127 명"
13487,20154162,스트레이트 아웃 오브 컴턴,8.84,"48,844 명"
13488,20140190,사랑이 이긴다,7.16,"15,331 명"
13547,20156557,탐정 : 더 비기닝,8.46,"2,625,686 명"
13548,20153025,대니 콜린스,8.81,"56,632 명"
13558,20153470,극장판 도라에몽 : 진구의 우주영웅기~스페이스 히어로즈~,8.34,"113,404 명"
13596,20140193,서부전선,6.37,"609,063 명"
13606,20149264,춘희막이,8.80,"29,543 명"
13608,20151421,에베레스트,7.60,"332,180 명"
13619,20151383,마션,8.42,5 명
13623,20152022,인턴,일본,"3,611,166 명"
13627,20151815,뮨: 달의 요정,8.37,"319,465 명"
13629,20151782,지금은맞고그때는틀리다,6.46,"80,734 명"
13649,20153022,더 매직: 리틀톰과 도둑공주,7.83,0
13696,20154621,주온: 더 파이널,4.19,"61,130 명"
13761,20142855,성난 변호사,7.81,"1,128,288 명"
13765,20150562,팬,8.50,314 명
13769,20145504,특종: 량첸살인기,7.00,"616,608 명"
13809,20155562,아델라인 : 멈춰진 시간,8.16,"40,096 명"
13829,20155646,위아 유어 프렌즈,8.51,"37,853 명"
13833,20153201,트랜스포터: 리퓰드,6.44,"161,245 명"
13836,20156553,비밀,한국,"50,196 명"
13837,20155639,더 비지트,미국,"52,197 명"
13839,20152121,리그레션,6.21,"18,057 명"
13849,20157464,더 폰,6.81,"1,593,694 명"
13899,20149961,미안해 사랑해 고마워,7.14,"51,207 명"
13904,20145501,돌연변이,6.95,"100,543 명"
13919,20155547,슬리핑 위드 아더 피플,8.13,"8,252 명"
13947,20157465,그놈이다,6.91,"1,046,313 명"
13949,20152745,맨 프롬 UNCLE,8.20,"108,551 명"
13959,20152871,스파이 브릿지,8.44,"266,493 명"
13965,20155101,하늘을 걷는 남자,8.43,"238,439 명"
13968,20143502,어떤살인,7.54,"17,190 명"
13978,20150862,더 랍스터,7.91,"58,957 명"
14018,20145503,검은 사제들,8.32,"5,443,232 명"
14042,20155277,더 셰프,7.24,"187,152 명"
14047,20050082,이터널 선샤인,9.11,"506,609 명"
14048,20154729,이스케이프,7.59,"47,760 명"
14068,20156383,아더와 미니모이 3: 두 세계의 전쟁,7.52,"61,550 명"
14089,20149314,내부자들,8.99,"2,084,909 명"
14101,20157432,007 스펙터,7.02,"1,820,839 명"
14119,20155441,몬스터 헌트,중국,77 명
14136,20156360,개구리왕국,7.00,"14,236 명"
14168,20153083,사우스포,8.54,"100,785 명"
14173,20151481,헝거게임: 더 파이널,7.63,"806,737 명"
14179,20156748,열정같은소리하고있네,7.38,"654,407 명"
14184,20155690,프리덤,"독일, 슬로바키아","106,850 명"
14186,20155740,아이돌 마스터 무비 : 빛의 저편으로!,7.85,"29,287 명"
14219,20158682,꾸루꾸루와 친구들: 무지개 나무의 비밀,6.66,0
14227,20140144,도리화가,5.57,"317,505 명"
14238,20156166,나를 미치게 하는 여자,6.41,"34,055 명"
14245,20157175,괴물의 아이,8.55,"224,892 명"
14247,20156570,크림슨 피크,7.13,"46,783 명"
14258,20157191,위선자들,5.99,340 명
14259,20157883,극장판 파워레인저 트레인포스 VS 다이노포스 THE MOVIE,8.41,"100,151 명"
14321,20144683,하트 오브 더 씨,8.18,"809,827 명"
14322,20157501,극적인 하룻밤,6.55,"321,641 명"
14326,20155423,시카리오: 암살자의 도시,8.29,"153,510 명"
14329,20157065,맥베스,독일,0
14369,20136068,히말라야,7.98,"7,759,761 명"
14377,20145171,대호,8.01,"1,762,733 명"
14392,20155202,레전드,4.68,"180,091 명"
14397,20156807,뽀로로 극장판 컴퓨터 왕국 대모험,8.79,"446,054 명"
14398,20156275,파더 앤 도터,중국,"61,196 명"
14399,20157096,보루토 - 나루토 더 무비,9.21,"64,267 명"
14409,20141598,타이밍,"프랑스, 벨기에","38,629 명"
14457,20154141,스타워즈: 깨어난 포스,7.75,"3,273,873 명"
14465,20156102,바닷마을 다이어리,8.74,"103,295 명"
14467,20030404,러브 액츄얼리,포르투갈,"313,486 명"
14499,20157158,구스범스,7.27,"25,857 명"
14508,20150752,스누피: 더 피너츠 무비,7.91,"197,235 명"
14524,20155563,어린왕자,8.65,"579,367 명"
14525,20153702,포켓몬 더 무비 XY 후파: 광륜의 초마신,8.75,"300,477 명"
14534,20154242,몬스터 호텔 2,8.59,"1,515,097 명"
14539,20158885,이웃집에 신이 산다,7.09,"98,085 명"
14591,20144442,조선마술사,6.59,"628,568 명"
14597,20157197,라스트 위치 헌터,6.71,"122,039 명"
14601,20150025,내부자들: 디 오리지널,9.04,"2,084,909 명"
14621,20157042,셜록: 유령신부,7.16,"1,278,885 명"
14670,20155422,굿 다이노,8.78,"1,330,181 명"
14673,20142641,나를 잊지 말아요,태국,"427,107 명"
14675,20153087,포인트 브레이크,7.52,"295,096 명"
14676,20150024,짱구는 못말려 극장판: 나의 이사 이야기 선인장 대습격,8.68,"202,538 명"
14678,20159510,헤이트풀8,8.46,"122,266 명"
14679,20152370,잡아야 산다,4.03,"54,995 명"
14740,20154001,레버넌트: 죽음에서 돌아온 자,7.83,"2,007,660 명"
14741,20068576,그날의 분위기,6.49,"653,210 명"
14746,20158483,오빠생각,8.51,"1,069,860 명"
14786,20157466,"로봇, 소리",8.47,"476,653 명"
14798,20151021,순정,8.83,"240,704 명"
14812,20159199,빅쇼트,8.51,"447,220 명"
14817,20150461,스티브 잡스,7.49,"68,811 명"
14819,20150566,극장판 꼬마버스 타요의 에이스 구출작전,8.72,"135,478 명"
14880,20151803,쿵푸팬더3,8.63,"3,984,814 명"
14889,20159445,세기의 매치,7.44,"20,448 명"
14899,20145507,검사외전,7.94,"9,707,581 명"
14938,20158882,유스,미국,"87,162 명"
14946,20150977,좋아해줘,8.25,"848,146 명"
14949,20150903,번개맨,9.00,"51,040 명"
14952,20150942,캐롤,8.59,"335,242 명"
14953,20159059,앨빈과 슈퍼밴드: 악동 어드벤처,8.29,"292,495 명"
14958,20159657,최강전사 미니특공대: 영웅의 탄생,8.40,0
14959,20156080,나쁜놈은 죽는다,3.23,"14,950 명"
15022,20150725,극장판 아이엠스타 : 꿈의 오디션!,8.59,"141,351 명"
15024,20150456,드레스메이커,8.15,"56,316 명"
15042,20153781,데드풀,8.69,"5,191 명"
15064,20161364,귀향,7.88,"14,495 명"
15065,20155501,주토피아,9.35,"4,706,158 명"
15084,20158482,동주,9.37,"1,176,468 명"
15087,20155020,대니쉬 걸,8.95,"134,077 명"
15088,20151111,빌리와 용감한 녀석들: 치킨 히어로,7.90,"35,937 명"
15137,20145502,남과 여,7.99,"203,775 명"
15148,20156063,룸,폴란드,"87,768 명"
15157,20150565,스포트라이트,8.94,"301,583 명"
15168,20161745,제 5침공,5.52,"135,874 명"
15231,20159162,갓 오브 이집트,7.37,"919,882 명"
15235,20161630,13시간,8.06,"145,952 명"
15301,20145396,널 기다리며,7.59,"635,235 명"
15302,20151884,런던 해즈 폴른,7.36,"731,683 명"
15305,20158529,조이,오스트리아,"172,253 명"
15308,20161781,엽문3: 최후의 대결,8.55,"47,142 명"
15374,20161968,오 마이 그랜파,7.42,"79,701 명"
15376,20161583,스푹스:MI5,6.55,"41,416 명"
15378,20161881,부활,8.35,"176,539 명"
15419,20159643,글로리데이,7.89,"189,442 명"
15431,20152781,배트맨 대 슈퍼맨: 저스티스의 시작,6.86,"2,256,913 명"
15439,20162381,일사각오,9.18,"94,825 명"
15446,20161921,"헤일, 시저!",7.10,"34,331 명"
15487,20150902,대배우,5.76,"169,984 명"
15499,20162245,33,8.54,"41,269 명"
15503,20162161,미스컨덕트,6.25,"149,095 명"
15505,20161905,나의 그리스식 웨딩 2,7.32,"38,305 명"
15506,20162001,포레스트: 죽음의 숲,5.04,"50,631 명"
15508,20161594,마음이 외치고 싶어해,7.34,"6,043 명"
15514,20161964,독수리 에디,9.02,"226,341 명"
15565,20162431,극장판 프랭키와 친구들: 생명의 나무,8.60,"56,860 명"
15572,20162065,클로버필드 10번지,7.55,"357,736 명"
15575,20145506,해어화,8.04,"485,695 명"
15580,20152782,"날, 보러와요",7.25,"1,063,442 명"
15585,20161870,트럼보,8.82,"61,964 명"
15586,19960126,비포 선라이즈,한국,"57,749 명"
15609,19990140,인생은 아름다워,9.39,"127,567 명"
15625,20159641,위대한 소원,7.89,"308,398 명"
15628,20142621,시간이탈자,7.10,"1,202,511 명"
15639,20150470,라스트 홈,8.20,"15,283 명"
15642,20158984,헌츠맨: 윈터스 워,7.61,"445,009 명"
15669,20145182,4등,8.58,"39,544 명"
15709,20162300,매직브러시,7.95,"172,396 명"
15716,20162321,트리플 9,8.44,"47,197 명"
15717,20162621,파라노말 액티비티: 더 고스트 디멘션,5.54,"54,972 명"
15729,20070458,냉정과 열정사이,8.34,"46,599 명"
15780,20159364,캡틴 아메리카: 시빌 워,8.67,"8,678,117 명"
15786,20162206,브루클린,8.10,"51,106 명"
15787,20162299,시크릿 인 데어 아이즈,7.57,"21,692 명"
15819,20161842,태양 아래,8.89,0
15836,20142406,탐정 홍길동: 사라진 마을,7.75,"1,430,960 명"
15853,20162704,극장판 안녕 자두야,7.83,"280,656 명"
15856,20162542,다이노소어 어드벤처 : 백악기 공룡대백과,6.91,0
15857,20162461,다이노X 탐험대,6.59,"83,319 명"
15858,20156559,계춘할망,8.79,"482,784 명"
15889,20158888,45년 후,8.03,"23,993 명"
15902,20159645,특별수사: 사형수의 편지,8.31,"1,243,065 명"
15906,20140194,곡성,7.61,"6,879,989 명"
15915,20163018,싱 스트리트,9.03,"574,383 명"
15917,20163215,미 비포 유,8.49,"945,172 명"
15923,20162627,다이버전트 시리즈: 얼리전트,7.28,"103,556 명"
15925,20163137,나의 소녀시대,8.83,"410,538 명"
15933,20143509,엽기적인 그녀 2,2.80,"77,124 명"
15948,20156207,앵그리버드 더 무비,8.29,"189,064 명"
15977,20162569,오베라는 남자,9.21,"92,896 명"
15988,20163182,하드코어 헨리,7.21,"46,373 명"
15997,20163155,바후발리 : 더 비기닝,8.07,"3,068 명"
15998,20162967,정글북,7.37,"25,419 명"
16008,20163322,동급생,9.21,"39,297 명"
16009,20070083,향수 : 어느 살인자의 이야기,8.29,"979,344 명"
16048,20150523,엑스맨: 아포칼립스,8.20,"2,938,818 명"
16049,20163441,몽키킹2: 서유기 여정의 시작,6.98,"11,174 명"
16058,20161382,레터스 투 갓,8.55,"66,397 명"
16079,20162941,컨저링 2,8.24,"1,928,605 명"
16089,20144444,아가씨,7.12,"4,288,908 명"
16099,20153182,썸니아,7.05,"11,708 명"
16134,20158242,무서운 이야기 3 : 화성에서 온 소녀,5.80,"97,804 명"
16138,20162925,더 보이,7.43,"24,554 명"
16149,20150972,굿바이 싱글,8.09,"2,108,561 명"
16169,20163201,바다 탐험대 옥토넛 시즌4: 아슬아슬 구조대작전,8.33,"58,619 명"
16186,20163841,플래그 더 문,8.18,"44,574 명"
16210,20158150,워크래프트: 전쟁의 서막,8.66,"1,163,274 명"
16217,20163164,본 투 비 블루,아르헨티나,"94,333 명"
16219,20163981,극장판 유희왕 더 다크 사이드 오브 디멘션즈,8.87,"32,449 명"
16285,20150385,닌자터틀 : 어둠의 히어로,8.35,"235,207 명"
16339,20150782,인디펜던스 데이 : 리써전스,7.26,"1,500,830 명"
16346,20163202,크리미널,7.96,"92,358 명"
16351,20140704,비밀은 없다,6.65,"250,904 명"
16410,20154906,사냥,"독일, 스웨덴",1 명
16412,20163661,레전드 오브 타잔,7.65,"858,402 명"
16419,20090683,500일의 썸머,8.42,"288,950 명"
16480,20159644,봉이 김선달,7.71,"2,051,386 명"
16482,20159058,도리를 찾아서,8.52,"2,601,761 명"
16494,20163962,잔예 - 살아서는 안되는 방,6.76,"41,247 명"
16513,20150203,나우 유 씨 미 2,8.31,"3,100,113 명"
16554,20165201,언더 워터,미국,"384,789 명"
16555,20158982,트릭,한국,1 명
16556,20163961,데몰리션,8.51,"66,549 명"
16559,20162572,더 웨이브,6.39,"16,108 명"
16567,20165130,나의 산티아고,8.13,"94,722 명"
16571,20156564,부산행,7.99,"11,567,662 명"
16609,20161286,아이스 에이지: 지구 대충돌,8.20,"553,760 명"
16618,19818004,불의 전차,8.33,"58,197 명"
16625,20164521,극장판 요괴워치: 염라대왕과 5개의 이야기다냥!,8.37,"330,725 명"
16629,20156250,인천상륙작전,8.03,"7,051,237 명"
16637,20166845,BIFAN2016 판타스틱 단편 걸작선 1,한국,0
16692,20161907,제이슨 본,8.39,"2,611,969 명"
16696,20165561,빅,7.69,"161,296 명"
16709,20163189,태풍이 지나가고,8.61,"93,523 명"
16719,20156082,마이펫의 이중생활,8.57,"1,114,949 명"
16729,20150968,국가대표 2,8.67,"710,166 명"
16749,20150979,덕혜옹주,8.35,"5,599,995 명"
16760,20152963,수어사이드 스쿼드,6.97,1 명
16766,20162002,명탐정 코난: 순흑의 악몽,8.98,"522,344 명"
16768,20154910,터널,8.37,"7,120,780 명"
16839,20165961,슈퍼 프렌즈,8.73,"89,615 명"
16879,20165281,마이 리틀 자이언트,8.03,"125,800 명"
16902,20150567,스타트렉 비욘드,8.21,"1,157,472 명"
16906,20148460,서울역,3.65,"147,037 명"
16909,20163043,갤럭시 히어로즈: 라쳇 앤 클랭크,7.91,"46,793 명"
16949,20165981,파워배틀 와치카 미니카 배틀리그: 불꽃의 질주,7.80,0
16959,19900204,죽은 시인의 사회,9.37,"58,795 명"
16971,20163217,라이트 아웃,7.36,"1,111,284 명"
16977,20166901,플로렌스,8.44,"139,841 명"
16983,20162404,고스트버스터즈,7.39,0
16989,20150901,올레,7.44,"66,883 명"
17041,20167261,메카닉: 리크루트,6.61,"552,006 명"
17046,20167563,이퀄스,8.29,"68,902 명"
17049,20168182,머니 몬스터,7.63,"47,226 명"
17095,20159648,"고산자, 대동여지도",7.19,"974,262 명"
17109,20159646,밀정,8.43,"7,500,457 명"
17112,20162968,거울나라의 앨리스,8.28,"513,202 명"
17116,20166721,장난감이 살아있다,7.51,"143,100 명"
17117,20166541,달빛궁궐,6.45,"153,273 명"
17119,20165941,로빈슨 크루소,8.18,"139,392 명"
17169,20163294,매그니피센트 7,7.92,"921,317 명"
17174,20167839,벤허,8.26,"52,407 명"
17185,20167154,드림 쏭,8.61,"234,387 명"
17186,20168721,아이엠스타 뮤직어워드,7.77,"67,027 명"
17188,20168401,카페 소사이어티,7.73,"126,708 명"
17237,20162022,대결,5.75,"32,278 명"
17239,20160041,인천상륙작전 : 익스텐디드 에디션(확장판),6.83,0
17248,20163041,자백,9.29,"144,372 명"
17253,20169122,아이 엠 어 히어로,6.38,0
17257,20168885,브리짓 존스의 베이비,8.81,"820,995 명"
17258,20153443,아수라,중국,"2,594,695 명"
17259,20168891,설리: 허드슨강의 기적,9.14,"627,424 명"
17268,20167481,맨 인 더 다크,7.93,"1,003,406 명"
17269,20163184,뉴 스텝업: 어반댄스,5.95,"26,488 명"
17316,20153444,럭키,미국,"6,975,631 명"
17321,20164501,미스 페레그린과 이상한 아이들의 집,8.45,"2,718,158 명"
17327,20160143,피터와 드래곤,8.23,"109,137 명"
17337,20167041,킹 오브 프리즘,9.13,0
17338,20164094,립반윙클의 신부,7.38,"19,413 명"
17339,20160761,돈 맛,6.50,"1,733 명"
17358,20168361,바다 탐험대 옥토넛 시즌4: 늪지탐험선K,8.54,"69,918 명"
17359,20169764,백설공주 : 사라진 아빠를 찾아서,7.41,"55,425 명"
17397,20168822,디시에르토,5.85,"13,812 명"
17406,20161589,죽여주는 여자,8.72,"121,452 명"
17407,20167867,그물,한국,"56,553 명"
17459,20168501,바스티유 데이,8.06,"96,579 명"
17468,20156007,인페르노,7.79,"689,071 명"
17475,20160203,어카운턴트,8.34,"69,529 명"
17499,20160261,극장판 프리파라 모두 모여라! 프리즘☆투어즈,6.89,"32,955 명"
17509,20169028,토마스와 친구들: 용감한 기관차와 괴물소동,7.48,"27,352 명"
17534,20040734,노트북,네덜란드,"608,552 명"
17537,20151022,걷기왕,7.76,"95,542 명"
17547,20161201,키즈모노가타리 II : 열혈편,8.46,"15,800 명"
17558,20111009,해리포터와 죽음의 성물2,9.32,"4,421,210 명"
17559,20169986,미스터 캣,8.18,"23,350 명"
17589,20162545,"무현, 두 도시 이야기",8.68,"193,786 명"
17591,20163181,닥터 스트레인지,8.71,"5,447,269 명"
17599,20160862,선생님의 일기,8.87,"71,753 명"
17602,20150564,혼숨,7.39,"288,016 명"
17609,19990303,파이트 클럽 ,8.88,1 명
17636,20160781,쿠보와 전설의 악기,8.03,"30,525 명"
17659,19950327,세븐,8.66,0
17667,20163521,스플릿,9.00,"1,676,011 명"
17678,20154905,가려진 시간,8.48,"511,369 명"
17682,20161527,로스트 인 더스트,8.52,"81,964 명"
17686,20161165,무한대를 본 남자,8.48,"33,315 명"
17703,20161796,극장판 파워레인저: 닌자포스 VS 트레인포스 닌자 인 원더랜드,8.94,"64,729 명"
17707,20162609,인어공주 : 새로운 모험의 시작,4.90,"32,624 명"
17729,20060127,글루미 선데이,9.06,"24,247 명"
17743,20161843,위자: 저주의 시작,7.14,"331,886 명"
17744,20162147,세상에서 고양이가 사라진다면,8.55,"70,424 명"
17749,20070582,"색, 계",8.56,"1,925,360 명"
17756,20162504,감바의 대모험,8.57,"117,591 명"
17759,20169730,당신자신과 당신의 것,6.98,"18,171 명"
17768,20154661,형,8.35,"2,982,514 명"
17799,20162365,신비한 동물사전,6.17,"2,414,195 명"
17809,20164169,드래곤 네스트: 평화 기사단 VS 블랙 드래곤,7.91,"6,347 명"
17815,20162629,하이큐!! 끝과 시작,8.92,"100,030 명"
17818,20162928,카페 6,7.56,"28,479 명"
17829,20161603,순종,9.02,"58,644 명"
17869,20159286,연애담,7.48,"24,102 명"
17879,20160472,두 남자,5.90,"60,365 명"
17886,20161162,블레어 위치,5.89,"46,977 명"
17897,20163824,미스 사이공 : 25주년 특별 공연,9.18,0
17899,20162787,테일 오브 테일즈,7.53,"30,328 명"
17909,20153741,미씽: 사라진 여자,8.38,"1,153,201 명"
17914,20163903,리틀메딕: 몸속탐험대,7.99,"66,562 명"
17944,20144641,판도라,8.26,"4,585,116 명"
17953,20166363,잭 리처: 네버 고 백,7.13,"612,328 명"
17954,20161605,언더월드: 블러드 워,6.11,"72,071 명"
17958,20167628,캡틴 판타스틱,8.68,"15,261 명"
17959,20162207,도성풍운 3,5.76,"12,135 명"
17988,20166462,신밧드 더 무비,4.75,"8,630 명"
18005,20152371,"당신, 거기 있어줄래요",8.70,"1,168,782 명"
18008,20167904,라라랜드,8.59,"3,601,999 명"
18019,20157064,커튼콜,한국,"5,526 명"
18026,20163884,아기배달부 스토크,8.74,"323,730 명"
18034,20162382,원피스 필름 골드,8.92,"217,257 명"
18038,20155223,목숨 건 연애,4.28,"48,010 명"
18039,20161763,"나, 다니엘 블레이크",9.28,"98,966 명"
18058,20163856,호비와 동화나라 대모험,8.54,"16,660 명"
18079,20161725,마스터,8.10,"7,150,586 명"
18088,20162025,씽,8.97,"1,730,771 명"
18128,20164388,스노우타임,7.70,"30,467 명"
18157,20150966,사랑하기 때문에,8.02,"340,936 명"
18165,20165285,극장판 도라에몽: 신 진구의 버스 오브 재팬,9.03,"70,350 명"
18166,20154342,뚜르: 내 생애 최고의 49일,9.14,"27,908 명"
18175,20162183,포켓몬 더 무비 XY&Z 「볼케니온 : 기계왕국의 비밀」,8.75,"300,477 명"
18177,20160221,에곤 쉴레: 욕망이 그린 그림,7.93,"49,654 명"
18229,20163183,로그 원: 스타워즈 스토리,8.47,"1,019,285 명"
18236,20162727,루돌프와 많이있어,8.78,"216,036 명"
18237,20165543,하이큐!! 승자와 패자,9.01,"53,373 명"
18248,19970099,잉글리쉬 페이션트,8.65,"23,593 명"
18265,20161872,너의 이름은.,8.76,"3,715,820 명"
18288,19890291,해리가 샐리를 만났을 때,8.90,"19,627 명"
18299,20163014,7년-그들이 없는 언론,8.44,"17,560 명"
18302,20161084,패신저스,7.98,"668,977 명"
18305,20165153,눈의 여왕 3: 눈과 불의 마법대결,8.56,"368,195 명"
18307,20151181,여교사,6.57,"118,621 명"
18371,20164421,어쌔신 크리드,7.07,"355,813 명"
18373,20168381,얼라이드,8.88,"520,478 명"
18379,20168324,반지의 제왕 : 반지원정대 (확장판),0,19 명
18381,20165443,모아나,9.17,"2,311,019 명"
18440,20151229,더 킹,"미국, 독일, 프랑스","20,140 명"
18441,20151228,공조,8.27,"7,817,654 명"
18443,20163845,터닝메카드W: 블랙미러의 부활,8.73,"430,013 명"
18448,20168664,반지의 제왕 : 두개의 탑 (확장판),0,42 명
18459,20163186,단지 세상의 끝,7.46,"31,604 명"
18512,20168688,레지던트 이블: 파멸의 날,8.38,"765,259 명"
18515,20168154,딥워터 호라이즌,8.07,"101,303 명"
18517,20167285,짱구는 못말려 극장판: 폭풍수면! 꿈꾸는 세계 대돌격,8.82,"119,201 명"
18529,20168689,반지의 제왕 : 왕의 귀환 (확장판),0,"5,960,000 명"
18539,20168366,바다 탐험대 옥토넛 시즌4: 바다 괴물 대소동,8.25,"60,980 명"
18585,20167324,라이언,독일,"104,439 명"
18592,20179281,컨택트,프랑스,"634,150 명"
18598,20150964,조작된 도시,8.04,"2,515,590 명"
18599,20165822,매기스 플랜,7.90,"47,791 명"
18608,20162873,레고 배트맨 무비,8.48,"148,760 명"
18649,20167644,발레리나,미국,"203,293 명"
18651,20167716,트리플 엑스 리턴즈,6.95,"475,309 명"
18654,20178881,명탐정 코난: 에피소드 원-작아진 명탐정,6.27,"128,472 명"
18664,20161141,50가지 그림자: 심연,7.40,"189,620 명"
18720,20166421,재심,8.51,"2,421,197 명"
18722,20163580,그레이트 월,6.36,"501,486 명"
18724,20167362,더 큐어,7.22,"159,948 명"
18726,20161366,"그래, 가족",8.27,"46,619 명"
18734,20161744,트롤,8.71,0
18736,20167906,마이펫 오지,8.21,"124,318 명"
18790,20170241,23 아이덴티티,7.66,"1,676,011 명"
18792,20161723,싱글라이더,8.28,"351,276 명"
18794,20166101,존 윅 - 리로드,8.04,"277,401 명"
18796,20156562,루시드 드림,5.86,"102,170 명"
18797,20167922,핵소 고지,9.22,"177,900 명"
18807,20170509,극장판 소드 아트 온라인 -오디널 스케일-,8.94,"120,921 명"
18849,20165927,문라이트,8.05,"179,181 명"
18851,20161827,로건,9.07,"2,169,109 명"
18859,20166468,사일런스,인도,"54,158 명"
18860,20150971,해빙,6.49,"1,204,600 명"
18865,20158799,눈길,9.17,"130,500 명"
18927,20167363,히든 피겨스,9.35,"449,518 명"
18930,20168183,콩: 스컬 아일랜드,7.76,"1,689,717 명"
18937,20168750,파도가 지나간 자리,9.06,"82,736 명"
18947,20170761,걸 온 더 트레인,7.43,"29,011 명"
18997,20162181,프리즌,7.57,"2,931,897 명"
19010,20164721,미녀와 야수,8.78,"5,138,328 명"
19013,20167905,비정규직 특수요원,5.94,"149,693 명"
19014,20178942,스페이스 비트윈 어스,7.48,"28,085 명"
19055,20167902,보통사람,7.97,"383,336 명"
19075,20170221,골드,인도,"25,659 명"
19076,20168742,아우토반,7.71,"24,983 명"
19085,20179442,밤의 해변에서 혼자,5.67,"57,110 명"
19087,20151230,원라인,8.15,"435,142 명"
19089,20171801,극장판 암살교실 : 365일의 시간,8.46,"28,364 명"
19107,20171661,아기돼지 3형제와 매직램프,7.02,"26,670 명"
19119,20170382,개구리왕국 2,7.00,"14,236 명"
19128,20167364,미스 슬로운,9.34,"48,051 명"
19137,20171781,패트리어트 데이,8.81,"74,827 명"
19142,20163194,공각기동대 : 고스트 인 더 쉘,6.96,"764,072 명"
19146,20167005,데스노트: 더 뉴 월드,4.93,"28,723 명"
19158,20167901,어느날,7.75,"234,829 명"
19159,20161923,시간위의 집,7.59,"128,975 명"
19169,20164926,분노,8.56,"29,426 명"
19195,20171381,라이프,7.20,"459,986 명"
19229,20173444,링스,4.81,"16,336 명"
19249,20162607,슈퍼 버드,6.87,"25,964 명"
19269,20040525,패션 오브 크라이스트,8.61,"865,038 명"
19280,20167542,분노의 질주: 더 익스트림,8.96,"3,654,080 명"
19281,20151227,아빠는 딸,8.05,387 명
19297,20173690,흑집사 -북 오브 더 아틀란틱-,9.15,"38,224 명"
19298,20170741,지니어스,8.19,"27,224 명"
19315,20173601,리틀 프린세스 소피아: 엘레나와 비밀의 아발로 왕국,8.67,"45,486 명"
19318,20174023,극장판 어드벤처 타임: 비밀의 아일랜드,8.16,0
19335,20161726,임금님의 사건수첩,7.71,"1,635,003 명"
19347,20162871,특별시민,7.38,"1,362,634 명"
19359,20162722,보안관,미국,"2,588,628 명"
19363,20179662,파워레인져스: 더 비기닝,7.18,"73,875 명"
19364,20172541,오두막,8.60,"77,699 명"
19366,20174561,더 플랜,8.79,0
19368,20172125,파운더,8.37,"34,593 명"
19369,20173121,콜로설,5.12,"14,687 명"
19419,20172641,마리안느와 마가렛,9.47,"29,233 명"
19425,20173301,"서서평, 천천히 평온하게",9.16,"123,958 명"
19435,20175142,극장판 쿠로코의 농구 라스트 게임,9.10,"63,333 명"
19437,20174165,극장판 또봇: 로봇군단의 습격,9.33,"141,865 명"
19438,20173961,킹 아서: 제왕의 검,7.77,"415,714 명"
19439,20164829,나는 부정한다,8.42,"31,673 명"
19445,20161665,스머프: 비밀의 숲,8.56,"427,764 명"
19480,20163603,가디언즈 오브 갤럭시 VOL. 2,8.94,"2,736,060 명"
19491,20174061,보스 베이비,8.68,"2,452,245 명"
19497,20173061,슈퍼 빼꼼: 스파이 대작전,8.33,"99,752 명"
19499,20174501,오즈의 마법사 2,7.21,"18,535 명"
19529,20170321,목소리의 형태,8.43,"276,463 명"
19547,20156708,석조저택 살인사건,7.29,"353,517 명"
19549,20163185,언노운 걸,7.87,"25,243 명"
19550,20179382,에이리언: 커버넌트,8.12,"1,307,226 명"
19577,20164844,불한당: 나쁜 놈들의 세상,6.32,"958,632 명"
19631,20175262,겟 아웃,8.28,"2,139,219 명"
19659,20174721,로스트 인 파리,7.93,"27,256 명"
19669,20172522,정글북,7.37,"25,419 명"
19697,20174602,노무현입니다,8.91,"1,855,515 명"
19699,20170982,캐리비안의 해적: 죽은 자는 말이 없다,8.29,"3,049,894 명"
19703,20174644,길,8.13,"17,588 명"
19715,20173642,너와 100번째 사랑,7.95,"80,839 명"
19719,20169348,대립군,7.28,"837,500 명"
19770,20168261,원더 우먼,7.69,0
19776,20174803,7번째 내가 죽던 날,7.51,"34,567 명"
19778,20175461,암살교실: 졸업편,7.21,"6,491 명"
19789,20176141,베이블레이드 버스트 갓 : 갓 발키리의 탄생,7.49,"109,358 명"
19807,20174821,바다 탐험대 옥토넛 시즌4: 더 파이널,8.32,"73,797 명"
19830,20166488,미이라,7.24,0
19839,20175581,파워배틀 와치카: 와치가면의 역습,8.43,"23,675 명"
19846,20166384,하루,한국,"1,129,609 명"
19849,20160483,꿈의 제인,8.56,"25,110 명"
19851,20162343,악녀,6.96,"1,208,081 명"
19857,20173833,심야식당 2,8.57,"46,700 명"
19859,20168041,용순,6.66,"13,411 명"
19898,20158485,옥자,8.45,"322,663 명"
19899,20176983,킹 오브 프리즘 - 프라이드 더 히어로,9.13,"128,847 명"
19909,20175423,나의 붉은고래,5.89,"58,454 명"
19919,20175662,엘르,영국,"35,368 명"
19947,20176741,꼬마참새 리차드: 아프리카 원정대,8.71,"81,136 명"
19948,20172241,꼬마돼지 베이브의 대모험,7.63,"42,879 명"
19969,20178982,박열,8.10,"2,359,707 명"
19978,20166967,트랜스포머: 최후의 기사,6.27,"2,614,603 명"
19994,20176201,더 서클,6.94,"71,362 명"
19995,20175982,다크 하우스,5.43,"36,342 명"
19998,20040526,첫키스만 50번째,일본,0
20016,20175821,언더더씨,7.20,"13,086 명"
20039,20159647,리얼,브라질,"470,195 명"
20055,20176961,지랄발광 17세,7.89,"83,258 명"
20058,20020186,헤드윅,9.19,"42,415 명"
20088,20178121,부니베어: 로거빅 컴백홈 프로젝트,6.83,"25,908 명"
20118,20167303,스파이더맨: 홈 커밍,8.36,"7,258,678 명"
20136,20176102,그 후,6.48,"18,667 명"
20139,20176511,베를린 신드롬,6.17,"7,011 명"
20146,20179807,젝스키스 20주년 기념 하와이 영상 NEW KIES ON THE [HONOLULU],한국,0
20159,20177202,토마스와 친구들: 수수께끼 해적선과 보물찾기,7.88,"23,395 명"
20174,20162869,택시운전사,9.03,"12,189,654 명"
20185,20081056,다크 나이트,미국,"4,175,526 명"
20188,20177761,오즈: 신기한 마법가루,7.71,"78,440 명"
20192,20177501,플립,3.96,"355,781 명"
20193,20174801,내 사랑,9.17,"337,637 명"
20202,20175522,카3: 새로운 도전,8.48,"487,916 명"
20205,20176562,예수는 역사다,7.74,"174,185 명"
20208,20179245,판타스틱 단편 걸작선 1,한국,0
20261,20177181,47 미터,7.27,"501,934 명"
20268,20176781,내가 죽기 전에 가장 듣고 싶은 말,8.61,"45,622 명"
20270,20164621,덩케르크,8.29,"2,793,042 명"
20275,20177701,위시 어폰,7.12,"55,586 명"
20277,20178321,극장판 짱구는 못말려 : 습격!! 외계인 덩덩이,8.61,"332,708 명"
20327,20161481,군함도,5.29,"6,592,151 명"
20331,20173403,슈퍼배드 3,8.69,"3,324,874 명"
20338,20178646,송 투 송,6.56,"22,518 명"
20349,20162442,청년경찰,8.27,"5,653,444 명"
20403,20170124,명탐정 코난:진홍의 연가,8.80,"450,705 명"
20407,20179186,이모티: 더 무비,6.21,"40,375 명"
20409,20161081,애나벨 : 인형의 주인,7.29,"1,934,270 명"
20419,20178762,파리로 가는 길,7.88,"119,858 명"
20475,20178641,빅풋 주니어,8.84,"320,559 명"
20486,20179085,극장판 도라에몽: 진구의 남극 꽁꽁 대모험,8.84,"167,052 명"
20489,20151003,장산범,6.12,"1,306,438 명"
20531,20179901,혹성탈출: 종의 전쟁,7.92,"2,051,351 명"
20536,20179226,드래곤 스펠: 마법 꽃의 비밀,8.44,"79,400 명"
20557,20179187,공범자들,9.11,"260,514 명"
20609,20164174,브이아이피,6.52,"1,373,342 명"
20615,20170022,다크타워: 희망의 탑,7.28,"97,022 명"
20628,20165001,더 테이블,7.99,"103,092 명"
20639,20170389,극장판 위 베어 베어스: 곰 브라더스,7.63,0
20669,20179407,로마의 휴일,6.73,"134,838 명"
20680,20171962,킬러의 보디가드,8.41,"1,722,017 명"
20683,20158047,발레리안: 천 개 행성의 도시,7.80,"511,931 명"
20685,20179491,아토믹 블론드,7.91,"155,368 명"
20749,20166132,김광석,8.66,"98,926 명"
20750,20154909,살인자의 기억법,7.69,"2,658,589 명"
20751,20179696,그것,6.91,"591,346 명"
20756,20174142,아이 캔 스피크,9.37,"3,283,470 명"
20757,20170268,매혹당한 사람들,6.81,"54,041 명"
20765,20171022,극장판 에그엔젤 코코밍: 푸르밍과 두근두근 코코밍 세계,8.03,"137,052 명"
20767,20171923,저수지 게임,9.15,"125,562 명"
20799,20172148,몬스터 섬의 비밀,7.87,"549,904 명"
20819,20160703,"좋아해, 너를",8.39,"30,860 명"
20821,20171090,베이비 드라이버,7.99,"823,624 명"
20832,20177541,아메리칸 메이드,7.74,"401,550 명"
20836,20170607,몬스터 콜,8.56,"89,560 명"
20837,20170302,윈드 리버,8.52,"50,819 명"
20878,20172742,범죄도시,9.14,"6,880,546 명"
20905,20168241,잃어버린 도시 Z,7.09,"47,088 명"
20906,20173945,인비저블 게스트,8.93,"95,390 명"
20946,20165450,남한산성,8.07,"3,849,129 명"
20960,20175222,킹스맨: 골든 서클,8.37,"4,945,484 명"
20964,20172142,극장판 요괴워치: 하늘을 나는 고래와 더블세계다냥!,8.31,"215,205 명"
20969,20171312,우리의 20세기,8.25,"35,496 명"
20975,20170364,레고 닌자고 무비,8.42,"154,497 명"
20997,20172627,리틀 프린세스 소피아 : 신비한 섬,8.45,"62,454 명"
21024,20171817,넛잡 2,8.74,"411,787 명"
21025,20170964,딥,5.57,461 명
21027,20171369,매직울프,6.61,"29,204 명"
21057,20168282,블레이드 러너 2049,7.99,"322,664 명"
21094,20154907,희생부활자,6.04,"323,628 명"
21098,20173092,어메이징 메리,9.22,"34,777 명"
21108,20169463,다시 태어나도 우리,9.34,"38,324 명"
21116,20176767,"나는 내일, 어제의 너와 만난다",8.86,"175,958 명"
21117,20172603,부라더,7.27,"1,492,903 명"
21119,20172942,나의 엔젤,8.28,"9,097 명"
21128,20164424,대장 김창수,6.90,"381,483 명"
21159,20175943,주키퍼스 와이프,8.44,"11,888 명"
21178,20172064,마더!,5.95,"2,981,953 명"
21181,20173694,지오스톰,7.44,"1,028,384 명"
21185,20173806,노 게임 노 라이프 -제로-,7.22,"91,262 명"
21229,20176761,잠깐만 회사 좀 관두고 올게,8.15,"35,529 명"
21240,20175121,토르: 라그나로크,8.84,"4,858,572 명"
21242,20171024,너의 췌장을 먹고 싶어,8.25,"52,413 명"
21248,20164481,유리정원,3.68,"22,752 명"
21254,20175208,뷰티풀 투모로우,9.28,"63,279 명"
21276,20174103,배저로와 친구들: 신비한 모험,7.09,"26,185 명"
21309,20177342,내게 남은 사랑을,8.18,"28,355 명"
21315,20070454,원스,8.99,"271,445 명"
21322,20169643,침묵,7.83,"494,097 명"
21324,20173724,직쏘,7.27,"112,237 명"
21328,20173612,메소드,8.29,"26,651 명"
21346,20174902,신서유기 : 몽키킹의 부활,7.36,"18,247 명"
21366,20161681,미옥,4.94,"242,737 명"
21369,20173804,배드 지니어스,8.61,"17,943 명"
21379,20173931,리빙보이 인 뉴욕,7.39,"30,379 명"
21382,20174622,해피 데스데이,8.19,"412,850 명"
21395,20175441,채비,8.72,"177,439 명"
21397,20179942,러빙 빈센트,9.22,"25,527 명"
21417,20175244,극장판 파워레인저: 애니멀포스 VS 닌자포스 미래에서 온 메시지 ,8.64,"65,992 명"
21438,20165748,꾼,7.61,"4,018,341 명"
21450,20168221,저스티스 리그,7.71,"1,786,388 명"
21452,20168754,7호실,6.55,"348,017 명"
21466,20175611,페이트 스테이 나이트 헤븐즈필 제1장 프레시지 플라워,7.08,"43,864 명"
21528,20174222,키드냅,6.66,"27,926 명"
21535,20173903,역모-반란의 시대,3.77,"30,116 명"
21538,20174778,하이큐!! 재능과 센스,9.12,"43,487 명"
21555,20175223,래빗 스쿨,8.83,"55,784 명"
21557,20175288,피터와 모글리의 크리스마스 어드벤처,7.05,0
21579,20173581,기억의 밤,8.16,"1,387,779 명"
21592,20178581,오리엔트 특급 살인,7.99,"864,757 명"
21593,20161762,반드시 잡는다,7.46,"446,780 명"
21595,20040695,이프 온리,인도,"1,021,632 명"
21619,20080349,버킷 리스트:죽기전에 꼭 하고싶은것들,9.09,"295,214 명"
21639,20174073,빅 배드 폭스,8.79,0
21649,20170272,산상수훈,6.35,"55,033 명"
21669,20175903,은혼,8.42,"4,574 명"
21672,20174585,메리와 마녀의 꽃,7.08,"535,669 명"
21673,20173693,어쌔신: 더 비기닝,6.93,"205,544 명"
21675,20174846,뽀로로 극장판 공룡섬 대모험,9.18,"827,338 명"
21718,20170402,강철비,8.34,"4,452,850 명"
21741,20170443,스타워즈: 라스트 제다이,6.45,"959,578 명"
21746,20150976,신과함께-죄와 벌,7.83,"14,411,775 명"
21747,20175481,튤립 피버,7.39,"53,121 명"
21749,20176367,극장판 숲의 요정 페어리루 ~크리스마스의 기적: 마법의 날개~,7.91,"59,375 명"
21795,20170590,1987,9.22,"7,232,387 명"
21802,20179462,위대한 쇼맨,9.39,"1,403,026 명"
21814,20174965,극장판 포켓몬스터 너로 정했다!,8.85,"509,555 명"
21815,20176082,몬스터 패밀리,8.31,"397,649 명"
21818,20176022,더 크리스마스,9.06,"65,460 명"
21829,20176049,패터슨,8.30,"68,008 명"
21874,20176947,원더,9.49,"266,983 명"
21888,20177479,극장판 프리파라 모두의 동경♪ 렛츠고☆프리파리,8.15,"56,539 명"
21942,20171909,쥬만지: 새로운 세계,7.89,"1,711,270 명"
21943,20177104,페르디난드,8.88,"535,448 명"
21998,20179985,코코,9.29,"3,513,114 명"
22016,20176104,그것만이 내 세상,8.91,"3,420,199 명"
22024,20173547,다운사이징,5.27,"150,346 명"
22027,20177602,"쏘아올린 불꽃, 밑에서 볼까? 옆에서 볼까?",6.70,"27,083 명"
22029,20179286,하이큐!! 콘셉트의 싸움,8.82,"25,144 명"
22080,20175054,메이즈 러너: 데스 큐어,7.84,"2,299,751 명"
22089,20178228,다키스트 아워,9.11,"37,520 명"
22096,20189525,젝스키스 에이틴,9.04,"50,419 명"
22098,20178808,주문은 토끼입니까?? ~디어 마이 시스터~,4.58,0
22099,20173662,리틀 뱀파이어,8.17,"23,014 명"
22147,20178230,커뮤터,8.09,"286,064 명"
22156,20168161,1급기밀,8.88,"218,808 명"
22157,20177473,비밥바룰라,8.91,"47,918 명"
22168,20178444,극장판 레이디버그: 미라클스톤의 비밀,9.43,"34,466 명"
22207,20179205,조선명탐정: 흡혈괴마의 비밀,6.62,"2,444,145 명"
22220,20168323,염력,4.99,"990,111 명"
22222,20178126,인시디어스4: 라스트 키,6.82,"554,535 명"
22226,20178395,12 솔져스,8.11,"223,740 명"
22238,20179228,마야2,9.35,"97,168 명"
22248,20178469,올 더 머니,7.97,"70,310 명"
22298,20189901,더 포리너,7.64,"41,574 명"
22305,20178672,패딩턴 2,9.10,"339,014 명"
22329,20189761,터닝메카드W: 반다인의 비밀 특별판,6.30,"21,947 명"
22359,20170841,리틀 포레스트,8.78,"1,507,596 명"
22360,20170561,블랙 팬서,7.48,"5,399,327 명"
22361,20168250,골든슬럼버,5.18,"1,387,562 명"
22363,20176121,흥부: 글로 세상을 바꾼 자,4.42,"416,346 명"
22364,20078561,명탐정 코난:감벽의 관,8.41,"242,603 명"
22429,20177946,월요일이 사라졌다,8.33,"903,195 명"
22433,20180542,50가지 그림자: 해방,7.95,"217,785 명"
22444,20173436,셰이프 오브 워터: 사랑의 모양,8.34,"507,412 명"
22488,20189882,반딧불이 딘딘,7.90,"36,744 명"
22500,20150969,궁합,6.44,"1,340,149 명"
22504,20179731,나미야 잡화점의 기적,7.34,"2,092 명"
22506,20180341,레드 스패로,8.55,"108,344 명"
22507,20189861,더 포스트,8.76,"140,473 명"
22508,20189663,게이트,3.62,"101,381 명"
22568,20170669,지금 만나러 갑니다,8.73,"177,955 명"
22570,20178781,사라진 밤,7.00,"1,315,735 명"
22576,20178490,온리 더 브레이브,9.28,"49,612 명"
22577,20176070,플로리다 프로젝트,8.63,"95,467 명"
22581,20180564,툼레이더,6.45,"540,412 명"
22637,20172244,치즈인더트랩,5.07,"229,005 명"
22644,20180302,허리케인 하이스트,7.39,"214,949 명"
22648,20180082,로건 럭키,7.53,"23,339 명"
22656,20178449,쓰리 빌보드,8.80,"97,480 명"
22708,20178522,콜 미 바이 유어 네임,7.78,"199,589 명"
22710,20174603,퍼시픽 림: 업라이징,6.67,"1,077,240 명"
22717,19900335,사랑과 영혼,미국,"16,223 명"
22726,20173962,소공녀,7.50,"59,685 명"
22729,20180804,곤지암,6.41,"2,675,883 명"
22739,20154908,7년의 밤,4.77,"528,014 명"
22745,20181366,미니특공대X,7.59,"100,164 명"
22776,20153447,바람 바람 바람,6.16,"1,194,239 명"
22779,20181561,덕구,9.42,"316,241 명"
22781,20171122,레디 플레이어 원,8.52,"2,254,442 명"
22786,20181621,막달라 마리아: 부활의 증인,6.98,"30,833 명"
22787,19720061,정무문,7.35,"9,597 명"
22849,20165045,머니백,5.87,"53,610 명"
22854,20178424,레이디 버드,8.50,"102,031 명"
22857,20181788,콰이어트 플레이스,7.72,"526,078 명"
22869,20182922,문호 스트레이독스 [데드 애플],8.15,0
22879,20182021,번개맨과 신비의 섬,9.43,"60,561 명"
22906,20176917,램페이지,8.28,"1,385,517 명"
22909,20182323,임을 위한 행진곡,3.64,"18,039 명"
22925,20182352,"그날, 바다",8.97,"540,631 명"
22957,20182221,스파키,8.87,"35,436 명"
22989,20182327,달링,9.34,"28,217 명"
23001,20177266,나를 기억해,6.60,"141,222 명"
23007,20182701,크리미널 스쿼드,7.75,"28,477 명"
23009,20182494,몬태나,8.67,"29,354 명"
23027,20182360,정글번치: 최강 악당의 등장,7.86,"37,343 명"
23053,20182561,당갈,9.47,"109,980 명"
23060,20177478,어벤져스: 인피니티 워,8.96,"11,212,710 명"
23063,20167007,살인소설,5.99,"49,685 명"
23068,20176101,클레어의 카메라,6.27,"9,439 명"
23077,20177005,레슬러,4.91,"771,159 명"
23078,19990050,박하사탕,9.06,"9,781 명"
23079,20183195,레오나르도 다 빈치,8.01,"64,655 명"
23089,20177962,당신의 부탁,7.86,"25,920 명"
23097,20182990,아기곰 보보 구출 대작전,7.53,"16,447 명"
23116,20189783,챔피언,6.29,"1,128,784 명"
23134,20182984,얼리맨,8.14,"122,359 명"
23142,20176069,원더스트럭,7.14,"26,915 명"
23145,20182385,매직빈,6.72,"57,009 명"
23148,20182989,커다랗고 커다랗고 커다란 배,9.00,"95,459 명"
23158,20183307,샷 콜러,8.42,"3,147 명"
23169,20176067,"부르고뉴, 와인에서 찾은 인생",8.68,"54,174 명"
23198,20183084,피터 래빗,8.77,"388,301 명"
23213,20183083,중2병이라도 사랑이 하고 싶어! 테이크 온 미,6.81,"26,612 명"
23214,20137352,루비 스팍스,7.54,"29,760 명"
23218,20159102,씨 오브 트리스,8.65,"7,601 명"
23228,20176848,데드풀 2,8.69,"5,191 명"
23229,20181823,보리 vs 매켄로,8.58,"9,215 명"
23253,20173202,버닝,6.64,"528,435 명"
23257,20183384,서산개척단,8.23,"5,260 명"
23266,20183381,5.18 힌츠페터 스토리,8.18,"10,715 명"
23267,20179383,독전,7.52,"5,063,844 명"
23274,20182046,"안녕, 나의 소녀",6.46,"111,794 명"
23288,20183321,마징가 Z: 인피니티,7.12,"22,407 명"
23307,20183741,다이노 헌터: 티렉스VS파키리노 대격돌,6.43,0
23334,20183801,트루스 오어 데어,7.17,"310,962 명"
23349,20181603,무문관,8.27,0
23352,20180789,한 솔로: 스타워즈 스토리,7.85,"213,986 명"
23359,20184132,"세라비, 이것이 인생!",8.72,"23,193 명"
23378,20184513,위 베어 베어스: 베이비 베어스,7.95,0
23408,20173865,데자뷰,4.49,"48,287 명"
23417,20176053,"스탠바이, 웬디",8.83,"47,472 명"
23419,20179106,겨울왕국의 무민,7.30,"24,665 명"
23428,20178161,탐정: 리턴즈,8.40,"3,152,895 명"
23429,20184668,디트로이트,8.16,"22,841 명"
23449,20180943,꼬마영웅 바비,8.46,"18,512 명"
23480,20179086,쥬라기 월드: 폴른 킹덤,8.00,"5,661,128 명"
23482,20135305,극장판 포켓몬스터DP - 디아루가 VS 펄기아 VS 다크라이,8.03,"183,426 명"
23484,20185081,아이 필 프리티,8.58,"241,295 명"
23485,20184261,벅스 프렌즈,8.06,"36,905 명"
23489,20184782,호비와 매직 아일랜드,9.10,"16,914 명"
23492,20184801,유전,7.22,"178,677 명"
23495,20184903,오션스8,7.63,"1,335,839 명"
23509,20184845,미드나잇 선,8.80,"326,086 명"
23536,20172469,허스토리,9.29,"337,424 명"
23538,20184101,여중생A,6.31,"97,986 명"
23548,20090834,아바타,일본,"13,338,863 명"
23557,20184512,토니스토리2: 고철왕국의 친구들,5.80,"16,685 명"
23567,20174369,변산,7.65,"490,519 명"
23577,20175527,더 펜션,5.82,"3,340 명"
23578,20184699,바르다가 사랑한 얼굴들,8.87,"31,361 명"
23579,20184762,류이치 사카모토: 코다,8.92,"14,331 명"
23615,20184689,아일라,9.49,"43,742 명"
23627,20185341,마녀,8.20,"3,189,091 명"
23659,20185648,유니콘 원정대: 비밀의 다이어리,8.13,"14,261 명"
23679,20182001,개들의 섬,8.37,"33,229 명"
23685,20184721,시카리오: 데이 오브 솔다도,8.42,"229,542 명"
23709,20185001,빅샤크: 매직체인지,6.98,"138,764 명"
23759,20180522,앤트맨과 와스프,8.62,"5,448,134 명"
23809,20184904,드래곤 프린세스,4.75,0
23831,20181443,스카이스크래퍼,7.60,"1,002,858 명"
23836,20182564,"오늘 밤, 로맨스 극장에서",8.43,"35,732 명"
23845,20175221,킬링 디어,6.82,"60,520 명"
23853,20180282,속닥속닥,5.07,"217,444 명"
23878,20185599,꼬마 보트 토토: 타요 타요 배 타요,6.27,"17,463 명"
23887,20181181,미션 임파서블: 폴아웃,9.12,"6,584,915 명"
23900,20183361,인크레더블 2,9.23,"3,033,105 명"
23904,20188042,독전: 익스텐디드 컷,7.52,"5,063,844 명"
23905,20185621,호텔 아르테미스,6.48,"77,794 명"
23916,20186001,신은 죽지 않았다 3: 어둠 속의 빛,8.32,"92,806 명"
23917,20186282,이별의 아침에 약속의 꽃을 장식하자,8.68,"37,764 명"
23958,20170942,인랑,3.85,0
23969,20186202,신과함께-인과 연,7.71,"12,276,350 명"
23973,20185242,신비아파트: 금빛 도깨비와 비밀의 동굴,8.72,"678,091 명"
23979,20187682,해적왕 작스톰,9.01,"5,916 명"
23987,20186121,어느 가족,9.20,"174,395 명"
23989,20181942,맘마미아!2,8.96,"2,294,087 명"
23999,20110027,아이 엠 러브,7.85,"55,517 명"
24007,20186501,극장판 헬로카봇 : 백악기 시대,9.24,"879,682 명"
24038,20179101,공작,6.84,"4,975,517 명"
24047,20080071,노인을 위한 나라는 없다,한국,"90,023 명"
24058,20153446,너의 결혼식,8.40,"2,820,685 명"
24068,20179044,더 스퀘어,7.68,"16,915 명"
24097,20170670,목격자,4.81,"11,235 명"
24109,20187427,명탐정 코난 : 제로의 집행인,9.05,"419,998 명"
24114,20184802,몬스터 호텔 3,8.59,"1,071,436 명"
24178,20187647,나를 차버린 스파이,7.97,"264,766 명"
24179,20183584,메가로돈,5.84,1 명
24186,20187641,극장판 도라에몽: 진구의 보물섬,8.78,"183,220 명"
24199,20187683,플로이,8.26,"44,907 명"
24259,20187657,마일22,7.42,"69,837 명"
24307,20185046,서치,8.92,"2,950,097 명"
24321,20177537,상류사회,4.23,"768,249 명"
24403,20189362,업그레이드,9.04,"190,387 명"
24406,20189261,어드리프트:우리가 함께한 바다,8.72,"59,039 명"
24409,20188446,양말요정 휴고의 대모험,7.57,"25,578 명"
24447,20177308,협상,7.32,"1,967,149 명"
24449,20156554,물괴,4.80,"723,951 명"
24459,20172204,명당,7.05,"2,086,418 명"
24462,20188581,더 프레데터,5.78,"170,878 명"
24466,20176122,안시성,7.99,"5,441,020 명"
24477,20179189,암수살인,8.32,"3,789,553 명"
24479,20189262,더 넌,6.66,"1,011,580 명"
24489,20188567,더 게스트,"이탈리아, 스위스, 프랑스","11,518 명"
24496,20188342,바니부기: 드래곤 에그를 찾아서,7.10,"16,505 명"
24509,20180367,인디애니페스트 2018 새벽비행 2,0,0
24529,20167903,원더풀 고스트,6.62,"450,378 명"
24537,20189462,셜록 놈즈,8.51,"91,037 명"
24538,20173734,죄 많은 소녀,8.00,"22,001 명"
24539,20188242,타샤 튜더,9.03,"46,235 명"
24545,20189746,극장판 뽀잉: 슈퍼 변신의 비밀,8.99,"41,054 명"
24546,20189268,루이스,8.91,"93,067 명"
24548,20188304,극장판 요괴워치 섀도사이드: 도깨비왕의 부활,8.84,"157,689 명"
24549,20185222,체실 비치에서,7.87,"30,421 명"
24559,20180610,"FIWOM 2018 웃어봐+수잔과 남자+내일, 또 내일, 그리고 또 내일+여자1 여자2 여자3+루비 파샤의 전설",0,0
24567,20180167,에그엔젤 코코밍: 두근두근 핼러윈 파티,5.33,0
24618,20189743,파이널 포트레이트,7.83,"16,954 명"
24656,20189067,미쓰백,9.09,"723,110 명"
24669,20189123,곰돌이 푸 다시 만나 행복해,8.96,"492,201 명"
24670,20177221,베놈,7.90,"3,888,096 명"
24734,20180523,스타 이즈 본,9.17,"512,921 명"
24735,20180770,다이노 어드벤처2: 육해공 공룡 대백과,5.12,0
24736,20180931,극장판 가면라이더 이그제이드: 트루 엔딩,8.41,"19,598 명"
24738,20189331,리즈와 파랑새,8.77,"21,210 명"
24746,20187521,펭귄 하이웨이,6.68,"34,802 명"
24749,20184678,배반의 장미,5.30,"41,054 명"
24756,20188661,에브리데이,7.55,"30,569 명"
24757,20181262,노크: 초대받지 않은 손님,5.07,"24,379 명"
24759,20180624,킨: 더 비기닝,6.61,"17,543 명"
24817,20186321,퍼스트맨,6.96,"665,984 명"
24828,20174981,창궐,5.05,"1,599,598 명"
24849,20180628,액슬,6.95,"18,219 명"
24868,20189281,폴란드로 간 아이들,9.32,"51,078 명"
24877,20177538,완벽한 타인,8.61,"5,294,154 명"
24879,20010291,해리포터와 마법사의 돌,9.25,"267,952 명"
24892,20182403,크레이지 리치 아시안,6.99,"154,297 명"
24898,20182748,알리바이 닷 컴,6.53,"10,616 명"
24919,20181669,윌리,7.55,"22,716 명"
24938,20185485,보헤미안 랩소디,9.42,"9,948,386 명"
24953,20181404,벽 속에 숨은 마법시계,5.95,"215,029 명"
24954,20180987,할로윈,6.29,"108,780 명"
24958,20181879,나츠메 우인장: 세상과 연을 맺다,9.26,"46,913 명"
24977,20181171,바울,9.16,"273,339 명"
24998,20181367,캡틴 스터비,9.43,"24,788 명"
25022,20170513,동네사람들,5.27,"461,693 명"
25028,20189869,해피 투게더,7.44,"27,046 명"
25033,20179006,여곡성,4.12,"67,368 명"
25037,20184481,성난황소,7.47,"1,593,386 명"
25049,20182693,구스범스: 몬스터의 역습,7.27,"25,857 명"
25058,20183063,박물관이 진짜 살아있다,7.56,0
25079,20186822,너의 췌장을 먹고 싶어,8.25,"52,413 명"
25089,20176814,신비한 동물들과 그린델왈드의 범죄,6.17,"2,414,195 명"
25094,20182935,출국,8.77,"81,880 명"
25103,20183050,번 더 스테이지: 더 무비,9.31,"315,012 명"
25129,20183009,로빈슨의 언더워터 어드벤처,6.23,0
25148,20177552,국가부도의 날,8.14,"3,755,233 명"
25153,20182669,툴리,8.98,"37,385 명"
25174,20183073,베일리 어게인,9.52,"93,801 명"
25197,20183043,캡틴 샤키,8.88,"15,121 명"
25198,20184514,꼬마비행기 피티와 친구들:사막구출 대작전,1.39,"13,710 명"
25214,20179230,도어락,5.92,"1,561,258 명"
25233,20181905,후드,6.51,"284,593 명"
25236,20183007,거미줄에 걸린 소녀,7.82,"32,418 명"
25259,20182966,투 프렌즈,4.46,0
25298,20181764,모어 댄 블루,8.14,"27,287 명"
25303,20178825,모털 엔진,6.11,"268,921 명"
25306,20183745,런닝맨 : 풀룰루의 역습,7.72,"187,777 명"
25313,20189843,호두까기 인형과 4개의 왕국,7.13,"518,312 명"
25315,20175547,스윙키즈,8.38,"1,473,125 명"
25318,20183288,헌터 킬러,9.37,"57,032 명"
25328,20184529,트와이스랜드,9.22,0
25337,20183650,번개맨의 비밀,9.00,"51,040 명"
25356,20183238,스파이더맨: 뉴 유니버스,9.22,"723,450 명"
25375,20182082,부탁 하나만 들어줘,7.76,"119,016 명"
25378,20183685,엘리엇과 산타 썰매단,6.51,"57,674 명"
25397,20168773,마약왕,6.33,"1,864,077 명"
25434,20184105,말모이,9.09,"2,866,453 명"
25438,20180290,아쿠아맨,8.35,"5,038,154 명"
25445,20182421,그린치,8.33,"552,970 명"
25447,20183375,극장판 포켓몬스터 모두의 이야기,8.96,"194,692 명"
25465,20170658,PMC: 더 벙커,5.19,"1,671,548 명"
25475,20183479,극장판 짱구는 못말려: 아뵤! 쿵후 보이즈 ~라면 대란~,8.18,"353,012 명"
25494,20186281,범블비,8.08,"1,561,643 명"
25503,20183785,점박이 한반도의 공룡2 : 새로운 낙원,9.13,"550,145 명"
25574,20184187,언니,5.52,"198,377 명"
25590,20189463,주먹왕 랄프 2: 인터넷 속으로,8.64,"1,758,891 명"
25598,20176251,내안의 그놈,8.17,"1,917,999 명"
25648,20186324,언더독,9.31,"195,565 명"
25655,20184574,그린 북,9.60,"443,364 명"
25663,20183915,극장판 공룡메카드: 타이니소어의 섬,9.14,"410,274 명"
25668,20184943,빌리어네어 보이즈클럽,5.00,"17,413 명"
25709,20185047,쿠르스크,8.66,"42,564 명"
25718,20166602,그대 이름은 장미,6.74,"89,238 명"
25724,20182588,미래의 미라이,6.02,"106,525 명"
25727,20182044,구스 베이비,8.81,"91,490 명"
25732,20182544,글래스,7.41,"466,575 명"
25738,20182530,극한직업,8.50,"16,265,658 명"
25798,20189385,몬스터 파크,7.26,"38,262 명"
25807,20184896,가버나움,9.59,"146,296 명"
25808,20180868,뺑반,5.99,"1,827,020 명"
25821,20185124,러브 유어셀프 인 서울,9.32,0
25845,20185881,증인,9.08,"2,534,793 명"
25859,20196263,챔피언스,8.13,"4,505 명"
25862,20186261,드래곤 길들이기 3,9.25,"1,507,922 명"
25868,20174169,기묘한 가족,6.08,"263,598 명"
25873,20185478,극장판 헬로카봇: 옴파로스 섬의 비밀,8.74,"575,362 명"
25879,20184274,사랑은 비가 갠 뒤처럼,8.74,"13,500 명"
25886,20188282,알리타: 배틀 엔젤,8.69,"1,952,063 명"
25935,20185444,레고 무비2,8.73,"88,392 명"
25989,20195790,콜드 워,8.29,"27,768 명"
26007,20196404,신밧드와 마법 양탄자,8.33,"30,534 명"
26012,20195915,해피 데스데이 2 유,7.34,"412,850 명"
26015,20162003,명탐정 코난:전율의 악보,8.27,"116,059 명"
26016,20184888,메리 포핀스 리턴즈,8.16,"224,160 명"
26018,20195984,드래곤볼 슈퍼: 브로리,9.10,"35,989 명"
26068,20020222,해리포터와 비밀의 방,8.86,"137,788 명"
26069,20177539,사바하,7.27,"2,398,581 명"
26073,20185576,콜드 체이싱,6.71,"101,694 명"
26076,20195743,신데렐라:마법 반지의 비밀,6.33,"284,922 명"
26118,20180937,더 페이버릿: 여왕의 여자,8.76,"164,372 명"
26142,20196601,항거:유관순 이야기,8.63,"1,157,949 명"
26144,20176442,자전차왕 엄복동,3.83,"172,212 명"
26145,20195791,"어쩌다, 결혼",4.43,"76,846 명"
26157,20196585,슈퍼미니 2,7.92,"48,944 명"
26199,20195789,빠삐용,8.56,"34,638 명"
26208,20185350,칠곡 가시나들,9.12,"42,450 명"
26210,20181877,캡틴 마블,6.75,"5,802,811 명"
26215,20176103,돈,7.40,"3,389,125 명"
26218,20195943,브라더 오브 더 이어,8.80,"5,266 명"
26219,20196323,더 와이프,8.52,"41,538 명"
26228,20197723,킹 오브 프리즘 -샤이니 세븐 스타즈-,6.56,"14,638 명"
26239,20183085,질투의 역사,5.07,"3,372 명"
26246,20177282,리노,8.09,"20,699 명"
26267,20175407,우상,3.93,"183,784 명"
26269,20197483,1919 유관순,8.31,"61,938 명"
26275,20197283,이스케이프 룸,7.62,"563,114 명"
26288,20198603,페이트 스테이 나이트 헤븐즈필 제2장 로스트 버터플라이,7.98,"45,156 명"
26289,20197846,악질경찰,5.81,"262,235 명"
26292,20197356,라스트 미션,미국,"101,465 명"
26297,20197783,철벽선생,7.65,"22,567 명"
26317,20196723,숲속왕국의 꿀벌 여왕,8.66,"22,241 명"
26337,20183096,생일,7.22,"1,197,565 명"
26366,20196820,양지의 그녀,8.51,"14,350 명"
26376,20183773,장난스런 키스,8.18,"428,009 명"
26385,20197617,정글북: 마법 원정대,6.99,"25,419 명"
26415,20197987,더 길티,7.57,"30,824 명"
26419,20197092,로망,9.31,"81,754 명"
26420,20185352,어스,스리랑카,"1,475,088 명"
26424,20196025,덤보,8.93,0
26426,20166301,썬키스 패밀리,5.85,"31,742 명"
26438,20198146,콜레트,8.67,"51,246 명"
26439,20198403,파이브 피트,9.00,"98,661 명"
26469,20197552,출동! 도토리 구조대,4.60,"11,676 명"
26476,20180825,미성년,8.33,"293,352 명"
26488,20196244,샤잠!,5.82,"657,294 명"
26498,20198104,바이스,8.41,"136,483 명"
26509,20199814,킹 오브 프리즘 –샤이니 세븐 스타즈- II 카케루x조지x미나토,2.48,0
26519,20198043,아픈 만큼 사랑한다,9.78,"16,154 명"
26528,20198023,고릴라와 슈퍼레이스,7.41,0
26548,20188393,"다시, 봄",8.09,"29,048 명"
26561,20185406,헬보이,6.81,"323,198 명"
26563,20197423,공포의 묘지,미국,"102,826 명"
26576,20198844,아이 엠 마더,7.52,"94,119 명"
26624,20185784,나의 특별한 형제,8.91,"1,478,300 명"
26631,20183454,요로나의 저주,6.82,"202,756 명"
26634,20182501,왓칭,미국,"55,366 명"
26638,19990220,노팅 힐,9.09,"63,375 명"
26642,20198982,크게 될 놈,8.79,"102,374 명"
26700,20184889,어벤져스: 엔드게임,9.38,"13,934,604 명"
26708,20198912,노무현과 바보들,6.75,"23,371 명"
26709,20199189,미스 스티븐스,7.90,"19,925 명"
26711,20198183,뽀로로 극장판 보물섬 대모험,9.28,"766,912 명"
26718,20169323,안도 타다오,8.34,"35,117 명"
26753,20199448,어린 의뢰인,9.02,"204,259 명"
26755,20197147,어글리 돌,9.07,"52,602 명"
26759,20197503,서스페리아,6.87,"33,030 명"
26763,20184082,걸캅스,5.69,"1,629,528 명"
26775,20199736,프렌즈: 둥지탈출,8.74,"17,211 명"
26783,20060347,판의 미로 - 오필리아와 세 개의 열쇠,7.91,"493,985 명"
26784,20187981,배심원들,8.89,"288,579 명"
26786,20198598,명탐정 피카츄,8.09,"686,811 명"
26788,20190923,킹 오브 프리즘 -샤이니 세븐 스타즈- Ⅲ 레오×유우×알렉,6.80,0
26832,20188941,악인전,7.88,"3,364,712 명"
26842,20185384,호텔 뭄바이,9.07,"74,034 명"
26845,20199623,고양이 여행 리포트,8.71,"11,321 명"
26858,20199923,라플라스의 마녀,5.56,"9,666 명"
26859,20199949,벤 이즈 백,8.59,"14,058 명"
26868,20186651,뷰티풀 보이스,5.62,"2,439 명"
26927,20198597,교회오빠,9.23,"112,854 명"
26928,20190270,나의 히어로 아카데미아 더 무비: 두 명의 히어로,9.38,"19,917 명"
26979,20190725,물의 기억,한국,"20,010 명"
26989,20183867,알라딘,9.38,1 명
26994,20199822,더 보이,7.43,"24,554 명"
27018,20190261,언더 더 씨2,2.37,"13,086 명"
27028,20199954,해피타임 스파이,7.41,"10,751 명"
27039,20191141,시민 노무현,5.75,"14,500 명"
27046,20183782,기생충,8.48,"10,289,404 명"
27049,20190273,천로역정: 천국을 찾아서,8.76,"296,985 명"
27052,20184865,고질라: 킹 오브 몬스터,6.94,"359,041 명"
27053,20188144,0.0MHz,4.99,"137,294 명"
27069,20191844,킹 오브 프리즘 –샤이니 세븐 스타즈- IV 루이x신x언노운,6.56,"14,638 명"
27079,20198453,롱 리브 더 킹: 목포 영웅,7.53,"1,094,404 명"
27086,20192001,피터팬: 후크 선장과 결투의 날,6.61,"12,221 명"
27108,20198291,로켓맨,오스트레일리아,"108,586 명"
27121,20182387,엑스맨: 다크 피닉스,5.97,"862,633 명"
27133,19880001,이웃집 토토로,9.26,0
27135,20199063,빅샤크2: 해저2만리,7.95,"53,147 명"
27139,20191342,폴라로이드,5.26,"10,510 명"
27185,20196657,맨 인 블랙: 인터내셔널,5.10,"851,917 명"
27205,20191401,업사이드,6.54,"44,589 명"
27206,20190466,세상을 바꾼 변호인,8.93,"49,625 명"
27228,20190793,엘리펀트킹 덤보,4.80,0
27256,20182585,비스트,5.21,"203,042 명"
27269,20196655,존 윅 3: 파라벨룸,8.02,"1,004,385 명"
27270,20184047,토이 스토리 4,9.04,"3,400,623 명"
27275,20190885,사탄의 인형,8.87,"60,340 명"
27277,20190002,롱 샷,미국,"191,122 명"
27278,20192022,마담 싸이코,6.81,"42,742 명"
27279,20198526,쓰리 세컨즈,9.12,"10,659 명"
27287,20191781,북클럽,8.16,"30,069 명"
27333,20199951,애나벨 집으로,6.24,"481,766 명"
27349,20070602,마녀배달부 키키,일본,"59,646 명"
27383,20196309,스파이더맨: 파 프롬 홈,8.33,"8,021,199 명"
27407,20192591,BIFAN2019 판타스틱 단편 걸작선 1,한국,0
27429,20185241,칠드런 액트,8.61,"25,278 명"
27439,20192689,별의 정원,9.37,"14,293 명"
27456,20185353,기방도령,5.69,"287,053 명"
27459,20185986,진범,6.35,"168,119 명"
27469,20192151,미드소마,6.48,"88,079 명"
27479,20198323,레드슈즈,9.22,"817,729 명"
27487,20191601,극장판 엉덩이 탐정: 화려한 사건 수첩,3.94,"138,118 명"
27540,20175771,라이온 킹,8.27,"4,743,264 명"
27544,20192222,사일런스,인도,"54,158 명"
27557,20184621,엑시트,8.29,"9,426,131 명"
27558,20182490,나랏말싸미,3.37,"958,775 명"
27598,20180442,사자,6.89,"1,611,163 명"
27605,20183844,마이펫의 이중생활 2,8.75,"1,114,949 명"
27613,20192725,명탐정 코난: 감청의 권,4.97,"219,118 명"
27618,20191845,난폭한 기록,3.74,"12,040 명"
27668,20184462,봉오동 전투,7.91,"4,787,538 명"
27698,20191741,앵그리 버드 2: 독수리 왕국의 침공,8.43,"189,064 명"
27752,20193275,브링 더 소울 : 더 무비,9.14,"336,204 명"
27769,20190741,김복동,8.82,"89,121 명"
27809,20184543,변신,6.79,"1,804,112 명"
27820,20196850,분노의 질주: 홉스&쇼,7.83,0
27823,20182241,"안녕, 티라노: 영원히, 함께",7.59,"203,669 명"
27825,20187959,원더랜드,8.35,"102,715 명"
27834,20188404,암전,4.74,"105,574 명"
27892,20185985,광대들: 풍문조작단,6.42,"637,461 명"
27905,20171021,커런트 워,7.75,"210,945 명"
27906,20191604,애프터,체코,"58,664 명"
27918,20190703,우리집,한국,"56,087 명"
27946,20181416,유열의 음악앨범,6.14,"1,245,532 명"
27948,20193665,47미터 2,6.99,"501,934 명"
27967,20194384,안나,8.64,"116,029 명"
27979,20181103,벌새,8.79,"145,965 명"
28018,20187322,"힘을 내요, 미스터 리",7.61,"1,181,960 명"
28028,20188750,나쁜 녀석들: 더 무비,6.44,"4,573,902 명"
28030,20192804,그것: 두 번째 이야기,6.23,"591,346 명"
28034,20193821,극장판 헬로카봇 : 달나라를 구해줘!,7.50,"590,413 명"
28047,20194541,안녕 베일리,9.37,"61,099 명"
28058,20184572,타짜: 원 아이드 잭,5.34,"2,229,281 명"
28098,20194456,양자물리학,8.28,"554,939 명"
28107,20194442,플레이모빌: 더 무비,8.52,"28,850 명"
28109,20194045,극장판 반지의 비밀일기,8.97,"68,339 명"
28138,20193807,예스터데이,캐나다,"306,467 명"
28154,20184483,퍼펙트맨,7.84,"1,240,022 명"
28181,20192982,애드 아스트라,프랑스,"513,375 명"
28186,20195202,뷰티풀 보이,8.34,"14,546 명"
28187,20189077,비뚤어진 집,6.38,"10,639 명"
28199,20193601,장사리 : 잊혀진 영웅들,8.24,"1,140,876 명"
28209,20194943,발명왕 볼트,5.10,0
28226,20195968,더 룸,한국,"56,787 명"
28238,20195920,가장 보통의 연애,7.73,"2,924,564 명"
28243,20199446,원스 어폰 어 타임... 인 할리우드,7.65,"281,093 명"
28248,20195203,레플리카,6.74,"49,087 명"
28310,20199950,조커,인도,"5,254,978 명"
28317,20195941,소피와 드래곤: 마법책의 비밀,4.28,"96,808 명"
28327,20196380,몬스터 하우스,7.38,"64,826 명"
28329,20193743,오션스: 문어구출대작전,5.38,"11,055 명"
28338,20191183,제미니 맨,6.58,"388,185 명"
28387,20197691,잃어버린 세계를 찾아서,7.11,"21,879 명"
28388,20184243,판소리 복서,5.99,"26,881 명"
28389,20196671,쿵푸 보이,8.82,"9,263 명"
28397,20190280,날씨의 아이,7.90,"659,782 명"
28398,20185361,두번할까요,5.02,"177,351 명"
28399,20196409,뱅드림! 필름 라이브,7.88,"19,259 명"
28407,20183407,버티고,6.18,"14,353 명"
28409,20194223,너를 만난 여름,8.12,"32,291 명"
28437,20191029,82년생 김지영,6.69,"3,679,019 명"
28449,20195081,디어 마이 프렌드,8.69,"11,929 명"
28460,20191589,말레피센트 2,7.10,"1,444,952 명"
28478,20197141,와일드 로즈,8.40,"16,415 명"
28487,20197402,꼬마 자전거 스피디,7.74,0
28499,20030003,클래식,9.39,"15,240 명"
28508,20192083,터미네이터: 다크 페이트,8.47,"2,410,227 명"
28515,20197279,아담스 패밀리,8.11,"331,003 명"
28516,20197392,프렌드 존,스페인,"14,991 명"
28524,20196136,람보 : 라스트 워,8.55,"103,199 명"
28528,20198961,더 킹: 헨리 5세,8.45,"20,140 명"
28529,20195005,경계선,8.25,"17,928 명"
28536,19910247,터미네이터2 3D,0,"14,391 명"
28539,20197054,빅트립: 아기팬더 배달 대모험,7.54,"42,914 명"
28558,20197394,체크 히어로,7.53,"14,088 명"
28575,20195002,블랙머니,8.42,"2,480,145 명"
28587,20181434,신의 한 수: 귀수편,7.80,"2,159,081 명"
28599,20192589,빅 위시,5.07,0
28618,20198184,빅 2: 황금열쇠 대소동,7.13,"12,744 명"
28649,20196726,우먼 인 할리우드,9.23,"9,844 명"
28658,20196284,윤희에게,8.94,"121,534 명"
28669,20184133,어제 일은 모두 괜찮아,8.78,"18,851 명"
28675,20193801,닥터 슬립,영국,"62,349 명"
28699,20198315,캔 유 킵 어 시크릿?,7.43,"10,754 명"
28709,20197981,패트와 매트: 우당탕탕 크리스마스,2.47,0
28716,20188462,감쪽같은 그녀,7.50,"469,348 명"
28734,20198421,좀비랜드: 더블 탭,7.93,"136,870 명"
28735,20197721,엔젤 해즈 폴른,8.34,"181,401 명"
28739,20199118,어쩌다 룸메이트,7.89,"10,293 명"
28749,20196760,대통령의 7시간,5.98,0
28789,20199428,크롤,프랑스,"140,576 명"
28808,20198942,아이리시맨,8.79,"38,625 명"
28810,20197803,겨울왕국 2,8.70,"13,747,615 명"
28814,20184341,얼굴없는 보스,3.31,"24,441 명"
28818,20190142,굿 라이어,7.93,"26,382 명"
28868,20198430,나이브스 아웃,9.11,"814,042 명"
28871,20185161,나를 찾아줘,7.01,"645,082 명"
28874,20197336,허슬러,미국,"44,071 명"
28875,20199576,러브 앳,9.28,"93,311 명"
28879,20190014,오피셜 시크릿,8.82,"13,163 명"
28888,20192401,포드 V 페라리,9.50,"1,367,018 명"
28899,20181164,카센타,7.18,"14,839 명"
28919,20198962,결혼 이야기,말레이지아,"24,416 명"
28947,20196705,집 이야기,뉴질랜드,"9,946 명"
28954,20197278,라스트 크리스마스,6.72,"250,383 명"
28957,20196293,파비안느에 관한 진실,8.09,"45,282 명"
28959,20196721,디에고,8.21,"9,804 명"
28978,20196405,극장판 타오르지마 버스터-블랙어썰트의 귀환,9.55,"15,220 명"
28997,20199867,프란치스코 교황 : 맨 오브 히스 워드,8.56,"39,247 명"
29004,20198414,시동,7.59,"3,317,038 명"
29011,20198681,쥬만지: 넥스트 레벨,6.10,"1,057,267 명"
29015,20198182,아내를 죽였다,5.13,"97,722 명"
29019,20190545,카운트다운,5.40,0
29068,20184571,천문: 하늘에 묻는다,8.78,"2,000,490 명"
29085,20192206,백두산,5.77,"8,251,749 명"
29093,20198374,신비아파트 극장판 하늘도깨비 대 요르문간드,8.50,"893,225 명"
29097,20198701,"미안해요, 리키",9.31,"36,206 명"
29109,20190163,아스테릭스: 마법 물약의 비밀,8.00,0
29137,20192721,캣츠,중국,"756,232 명"
29147,20199981,눈의 여왕4,9.18,"209,120 명"
29148,20198818,프린스 코기,7.36,"203,775 명"
29206,20183002,해치지않아,6.14,"1,224,726 명"
29213,20196272,미드웨이,미국,"955,294 명"
29227,20191408,21 브릿지: 테러 셧다운 ,7.87,"100,243 명"
29290,20199581,닥터 두리틀,6.28,"1,607,082 명"
29291,20195462,스타워즈: 라이즈 오브 스카이워커,7.08,"507,891 명"
29319,20196161,타발루가와 얼음공주,9.27,"27,330 명"
29357,20192300,스파이 지니어스 ,9.30,"449,876 명"
29361,20196670,나쁜 녀석들: 포에버,7.53,"547,805 명"
29369,20192101,히트맨,7.90,"2,405,876 명"
29376,20198676,타오르는 여인의 초상,9.06,"146,234 명"
29418,20180939,남산의 부장들,7.44,"4,750,092 명"
29432,20188421,미스터 주: 사라진 VIP,4.48,"602,615 명"
29439,20192604,오즈의 마법사: 요술구두와 말하는 책,6.22,"24,534 명"
29447,20193385,하이큐!! 땅 VS 하늘,8.50,0
29495,20193321,정직한 후보,7.68,"1,509,982 명"
29504,20100312,인셉션,9.23,"5,942,955 명"
29509,20182447,클로젯,한국,"1,267,992 명"
29519,20193836,핑크퐁 시네마 콘서트 : 우주대탐험,9.02,"15,229 명"
29529,20204162,나이트 헌터,미국,"11,849 명"
29555,20180962,지푸라기라도 잡고 싶은 짐승들,6.55,"605,037 명"
29571,20198431,버즈 오브 프레이(할리 퀸의 황홀한 해방),6.43,"401,936 명"
29574,20191109,페인 앤 글로리,8.19,"30,603 명"
29575,20197390,조조 래빗,9.18,"110,103 명"
29577,20192240,작은 아씨들,한국,"841,564 명"
29584,20192984,극장판 미니특공대: 공룡왕 디노 ,8.99,"79,060 명"
29599,20191085,이 멋진 세계에 축복을! 붉은 전설,8.42,"18,099 명"
